{
  "type": "FeatureCollection",
  "features": [
    {
      "type": "Feature",
      "properties": {
        "sweep_id": "r-002",
        "name": "NY-214: Stony Clove Notch",
        "match_method": "route ref 214 (network US:NY)",
        "candidate_segments": 32,
        "used_segments": 32,
        "traced_length_mi": 12.33,
        "seed_length_mi": 12.5,
        "length_delta_pct": -1.4,
        "length_flag": false,
        "anchor_a": {
          "label": "NY-28 near Phoenicia",
          "method": "exact shared endpoint"
        },
        "anchor_b": {
          "label": "NY-23A in Hunter",
          "method": "exact shared endpoint"
        },
        "source": "Overture Maps transportation/segment release 2026-06-17.0",
        "overture_segment_ids": [
          "42253cff-7a69-4b71-9ca3-98d132d219b0",
          "6fc8bf5d-02b1-4b1e-8515-94653be927da",
          "b05a7384-8a37-4fbb-9574-4b97965fcfcd",
          "ac97c3c8-cf51-4e53-a8c3-0e66b43d0f72",
          "8144178e-b7af-4012-8bc2-d998c163f815",
          "04a01e9b-17b5-42a6-ad91-bd02e868ba1a",
          "0531f588-49d4-4d31-bc96-a6042d276c55",
          "b3bdbc65-0934-4ab9-8e5d-c3a16caa8e0e",
          "1ce2377a-2a65-4ffc-92c2-4c185e85f8b8",
          "f8e6ab59-af50-4a34-92fb-a9d0b3cc8e32",
          "8362681c-85ac-4807-85a8-4b9102614123",
          "fe247085-625a-41b0-9208-2b5c47fa770e",
          "1db1736d-ba56-4cb6-99ee-0f81be82d17c",
          "d8fc2204-f042-40b9-9c22-99b6b0df0ad5",
          "b6b5d97d-74a3-4200-90a6-766cb9e3d5ca",
          "563f6bb7-f650-4b63-9c27-504e1419cb89",
          "5cd4e997-47db-425d-a5aa-41a770407554",
          "fa3c6863-8066-4c96-83cd-b02c768995dd",
          "2cb23b9d-4987-43a5-a62f-809f4b7c44a0",
          "39401229-5cb2-47ae-be72-fd89c1fff79b",
          "f5625f60-d499-4a34-9f81-5ca821921a3e",
          "7a9212ba-4dee-4db4-948a-05272a606c58",
          "8a164530-aa29-4db2-a4e9-92e619ca69ad",
          "2254a068-65e3-4594-9ade-19bc60539e38",
          "5527d357-2e0d-443f-a7d2-baf57637321d",
          "3712a128-e983-48d2-b728-a15646fc98f4",
          "1c00add0-2dd4-4e22-9407-652871a7e536",
          "1e9bd7c8-bd6a-4dd0-8d6b-cde365e93bcd",
          "8580abbd-5f3f-42ed-ae48-3e5fd26e21b9",
          "0d38cfc6-5397-43ad-924a-6a62d7ce520c",
          "7c77c0a4-c046-4013-99fa-fab5156dd994",
          "64d8bbf1-8cbd-4d4c-8c37-c7782ce54830"
        ]
      },
      "geometry": {
        "type": "LineString",
        "coordinates": [
          [
            -74.3178506,
            42.0811617
          ],
          [
            -74.3178278,
            42.081375
          ],
          [
            -74.3178047,
            42.081436
          ],
          [
            -74.3177625,
            42.0814901
          ],
          [
            -74.3176974,
            42.0815336
          ],
          [
            -74.3176181,
            42.0815633
          ],
          [
            -74.3175208,
            42.0815755
          ],
          [
            -74.317238,
            42.0815725
          ],
          [
            -74.3171487,
            42.0815812
          ],
          [
            -74.3170687,
            42.0816025
          ],
          [
            -74.3170069,
            42.0816286
          ],
          [
            -74.3169415,
            42.0816803
          ],
          [
            -74.3168308,
            42.0818212
          ],
          [
            -74.3167115,
            42.0819764
          ],
          [
            -74.3166062,
            42.0821048
          ],
          [
            -74.3165169,
            42.0822047
          ],
          [
            -74.3163796,
            42.0823556
          ],
          [
            -74.3162881,
            42.0824451
          ],
          [
            -74.3161891,
            42.0825293
          ],
          [
            -74.3160947,
            42.0826008
          ],
          [
            -74.3160353,
            42.0826427
          ],
          [
            -74.3159412,
            42.0827046
          ],
          [
            -74.3158362,
            42.0827699
          ],
          [
            -74.3157592,
            42.0828121
          ],
          [
            -74.3153467,
            42.083017
          ],
          [
            -74.3152481,
            42.0830649
          ],
          [
            -74.3153625,
            42.0831718
          ],
          [
            -74.315526,
            42.083328
          ],
          [
            -74.3155961,
            42.0833939
          ],
          [
            -74.3157565,
            42.0835458
          ],
          [
            -74.3159237,
            42.0836868
          ],
          [
            -74.3160919,
            42.0838138
          ],
          [
            -74.3164641,
            42.084082
          ],
          [
            -74.3166773,
            42.0842455
          ],
          [
            -74.3168188,
            42.0843622
          ],
          [
            -74.3169572,
            42.0844808
          ],
          [
            -74.3171715,
            42.0846827
          ],
          [
            -74.317348,
            42.084868
          ],
          [
            -74.3175282,
            42.0850858
          ],
          [
            -74.317678,
            42.0853047
          ],
          [
            -74.3177636,
            42.0854366
          ],
          [
            -74.3178396,
            42.0855816
          ],
          [
            -74.317883,
            42.0856889
          ],
          [
            -74.3179248,
            42.085814
          ],
          [
            -74.3179286,
            42.0859169
          ],
          [
            -74.3179284,
            42.0860215
          ],
          [
            -74.3179165,
            42.0861393
          ],
          [
            -74.3178977,
            42.0862538
          ],
          [
            -74.3178484,
            42.086594
          ],
          [
            -74.3178461,
            42.0866957
          ],
          [
            -74.3178514,
            42.0867995
          ],
          [
            -74.317889,
            42.0869589
          ],
          [
            -74.3179514,
            42.087185
          ],
          [
            -74.3180231,
            42.0874461
          ],
          [
            -74.318094,
            42.0876805
          ],
          [
            -74.3181274,
            42.0877681
          ],
          [
            -74.3181674,
            42.0878463
          ],
          [
            -74.318241,
            42.087947
          ],
          [
            -74.318383,
            42.088074
          ],
          [
            -74.3186027,
            42.08822
          ],
          [
            -74.3187426,
            42.0882951
          ],
          [
            -74.3188815,
            42.0883634
          ],
          [
            -74.3190041,
            42.088408
          ],
          [
            -74.3191643,
            42.0884624
          ],
          [
            -74.3192817,
            42.0884991
          ],
          [
            -74.319396,
            42.088543
          ],
          [
            -74.319592,
            42.088633
          ],
          [
            -74.320223,
            42.089
          ],
          [
            -74.320344,
            42.089086
          ],
          [
            -74.320455,
            42.089199
          ],
          [
            -74.3205182,
            42.0892863
          ],
          [
            -74.3205664,
            42.0893769
          ],
          [
            -74.320594,
            42.0894625
          ],
          [
            -74.320611,
            42.0895475
          ],
          [
            -74.3206215,
            42.0896521
          ],
          [
            -74.3206174,
            42.0897545
          ],
          [
            -74.3205987,
            42.0898621
          ],
          [
            -74.3205609,
            42.0899788
          ],
          [
            -74.3204947,
            42.0901035
          ],
          [
            -74.3203922,
            42.0902582
          ],
          [
            -74.3201754,
            42.0905523
          ],
          [
            -74.3195287,
            42.091349
          ],
          [
            -74.3193575,
            42.0915549
          ],
          [
            -74.3192281,
            42.0917191
          ],
          [
            -74.3191484,
            42.0918374
          ],
          [
            -74.3190865,
            42.091945
          ],
          [
            -74.3190471,
            42.0920341
          ],
          [
            -74.3190238,
            42.0921067
          ],
          [
            -74.3190153,
            42.0921694
          ],
          [
            -74.3190098,
            42.0922592
          ],
          [
            -74.319021,
            42.0923827
          ],
          [
            -74.3190375,
            42.0925082
          ],
          [
            -74.319162,
            42.093242
          ],
          [
            -74.3191939,
            42.0936592
          ],
          [
            -74.31925,
            42.0940445
          ],
          [
            -74.31925,
            42.094199
          ],
          [
            -74.3192254,
            42.0943305
          ],
          [
            -74.3191764,
            42.0944509
          ],
          [
            -74.3190417,
            42.0947235
          ],
          [
            -74.3189679,
            42.0949209
          ],
          [
            -74.3188478,
            42.0952282
          ],
          [
            -74.3187742,
            42.0953732
          ],
          [
            -74.3183788,
            42.0960458
          ],
          [
            -74.3178305,
            42.0969887
          ],
          [
            -74.3176784,
            42.0971999
          ],
          [
            -74.3173707,
            42.0975559
          ],
          [
            -74.317021,
            42.097925
          ],
          [
            -74.316843,
            42.098103
          ],
          [
            -74.316573,
            42.098301
          ],
          [
            -74.316294,
            42.098464
          ],
          [
            -74.316038,
            42.098601
          ],
          [
            -74.315618,
            42.098855
          ],
          [
            -74.315411,
            42.099045
          ],
          [
            -74.315157,
            42.099374
          ],
          [
            -74.3148,
            42.099892
          ],
          [
            -74.314637,
            42.100106
          ],
          [
            -74.314402,
            42.100351
          ],
          [
            -74.314326,
            42.100427
          ],
          [
            -74.31406,
            42.100692
          ],
          [
            -74.3136725,
            42.1011494
          ],
          [
            -74.3135826,
            42.1012439
          ],
          [
            -74.3134752,
            42.1013374
          ],
          [
            -74.313385,
            42.1014031
          ],
          [
            -74.3132898,
            42.1014599
          ],
          [
            -74.3131923,
            42.1015082
          ],
          [
            -74.3129456,
            42.1016046
          ],
          [
            -74.3123186,
            42.1018322
          ],
          [
            -74.3121771,
            42.1018726
          ],
          [
            -74.3120678,
            42.1019029
          ],
          [
            -74.3119361,
            42.1019211
          ],
          [
            -74.3118218,
            42.1019342
          ],
          [
            -74.3115743,
            42.1019394
          ],
          [
            -74.311178,
            42.1019431
          ],
          [
            -74.3106509,
            42.101948
          ],
          [
            -74.3104535,
            42.1019525
          ],
          [
            -74.3099282,
            42.1019575
          ],
          [
            -74.3098349,
            42.1019587
          ],
          [
            -74.3090943,
            42.101968
          ],
          [
            -74.3086618,
            42.101971
          ],
          [
            -74.3085148,
            42.1019692
          ],
          [
            -74.3083225,
            42.1019635
          ],
          [
            -74.308156,
            42.1019489
          ],
          [
            -74.3079963,
            42.101929
          ],
          [
            -74.3078052,
            42.1019007
          ],
          [
            -74.3076109,
            42.1018596
          ],
          [
            -74.3075213,
            42.1018383
          ],
          [
            -74.3073374,
            42.1017857
          ],
          [
            -74.307197,
            42.101734
          ],
          [
            -74.3070785,
            42.1016812
          ],
          [
            -74.3068973,
            42.1015783
          ],
          [
            -74.3066136,
            42.1013912
          ],
          [
            -74.3063143,
            42.1011755
          ],
          [
            -74.306157,
            42.101089
          ],
          [
            -74.3060651,
            42.1010529
          ],
          [
            -74.305935,
            42.1010139
          ],
          [
            -74.3058066,
            42.1009925
          ],
          [
            -74.3057084,
            42.1009857
          ],
          [
            -74.3055877,
            42.1009912
          ],
          [
            -74.3054881,
            42.1010044
          ],
          [
            -74.3053889,
            42.1010329
          ],
          [
            -74.3052928,
            42.1010795
          ],
          [
            -74.305155,
            42.101173
          ],
          [
            -74.3049075,
            42.1014153
          ],
          [
            -74.3048011,
            42.1015005
          ],
          [
            -74.3046891,
            42.101569
          ],
          [
            -74.3045737,
            42.101628
          ],
          [
            -74.3044019,
            42.101699
          ],
          [
            -74.3042147,
            42.1017591
          ],
          [
            -74.3040222,
            42.1018091
          ],
          [
            -74.3038286,
            42.101839
          ],
          [
            -74.3036486,
            42.101844
          ],
          [
            -74.3034352,
            42.1018248
          ],
          [
            -74.3031308,
            42.1017718
          ],
          [
            -74.3028604,
            42.1017059
          ],
          [
            -74.3026525,
            42.1016429
          ],
          [
            -74.3024761,
            42.101567
          ],
          [
            -74.3020498,
            42.1013293
          ],
          [
            -74.3018901,
            42.1012536
          ],
          [
            -74.3017595,
            42.1012041
          ],
          [
            -74.3016129,
            42.1011697
          ],
          [
            -74.3014831,
            42.101154
          ],
          [
            -74.3013543,
            42.1011495
          ],
          [
            -74.3012194,
            42.101161
          ],
          [
            -74.3011103,
            42.1011925
          ],
          [
            -74.3010108,
            42.1012357
          ],
          [
            -74.3008831,
            42.1013221
          ],
          [
            -74.3006001,
            42.1015619
          ],
          [
            -74.3002354,
            42.1018415
          ],
          [
            -74.3000813,
            42.1019775
          ],
          [
            -74.2999718,
            42.1020778
          ],
          [
            -74.2998823,
            42.1021489
          ],
          [
            -74.2997937,
            42.1022086
          ],
          [
            -74.2996935,
            42.1022649
          ],
          [
            -74.2995504,
            42.1023246
          ],
          [
            -74.2993921,
            42.102374
          ],
          [
            -74.2992135,
            42.1024165
          ],
          [
            -74.2989759,
            42.1024604
          ],
          [
            -74.298717,
            42.1024967
          ],
          [
            -74.2985465,
            42.1025074
          ],
          [
            -74.2983454,
            42.102504
          ],
          [
            -74.2980903,
            42.1024843
          ],
          [
            -74.2980157,
            42.1024792
          ],
          [
            -74.2979116,
            42.1024763
          ],
          [
            -74.29782,
            42.1024821
          ],
          [
            -74.2977126,
            42.1025056
          ],
          [
            -74.2976028,
            42.1025405
          ],
          [
            -74.2974847,
            42.1026012
          ],
          [
            -74.2973458,
            42.1026965
          ],
          [
            -74.2972239,
            42.1027967
          ],
          [
            -74.2971436,
            42.1028831
          ],
          [
            -74.2970757,
            42.1029659
          ],
          [
            -74.2968524,
            42.1032892
          ],
          [
            -74.2967049,
            42.1035106
          ],
          [
            -74.2966318,
            42.1036155
          ],
          [
            -74.296546,
            42.103727
          ],
          [
            -74.2964494,
            42.1038285
          ],
          [
            -74.29639,
            42.1038895
          ],
          [
            -74.2963203,
            42.1039572
          ],
          [
            -74.2962251,
            42.1040374
          ],
          [
            -74.2960794,
            42.1041345
          ],
          [
            -74.2959217,
            42.10422
          ],
          [
            -74.2957336,
            42.1043076
          ],
          [
            -74.295347,
            42.1044564
          ],
          [
            -74.2950411,
            42.1045839
          ],
          [
            -74.2949366,
            42.1046285
          ],
          [
            -74.2946326,
            42.1047699
          ],
          [
            -74.2944404,
            42.1048613
          ],
          [
            -74.2939838,
            42.1050792
          ],
          [
            -74.2935225,
            42.1052862
          ],
          [
            -74.2933957,
            42.105345
          ],
          [
            -74.2932424,
            42.1054411
          ],
          [
            -74.2931231,
            42.1055255
          ],
          [
            -74.293024,
            42.1056005
          ],
          [
            -74.2928915,
            42.1056922
          ],
          [
            -74.2927919,
            42.1057487
          ],
          [
            -74.2926498,
            42.1058158
          ],
          [
            -74.2925294,
            42.1058573
          ],
          [
            -74.2923879,
            42.1058976
          ],
          [
            -74.2922387,
            42.105929
          ],
          [
            -74.2920607,
            42.1059568
          ],
          [
            -74.2918768,
            42.105974
          ],
          [
            -74.2915756,
            42.1059875
          ],
          [
            -74.2913936,
            42.1060006
          ],
          [
            -74.291163,
            42.1060322
          ],
          [
            -74.2909268,
            42.1060921
          ],
          [
            -74.2901648,
            42.1063342
          ],
          [
            -74.2897328,
            42.106475
          ],
          [
            -74.2885518,
            42.1068487
          ],
          [
            -74.2873631,
            42.1072011
          ],
          [
            -74.2866558,
            42.1073998
          ],
          [
            -74.285964,
            42.1075736
          ],
          [
            -74.2854447,
            42.1077152
          ],
          [
            -74.2845388,
            42.1079889
          ],
          [
            -74.2842862,
            42.1080879
          ],
          [
            -74.2840073,
            42.1082193
          ],
          [
            -74.2837747,
            42.1083383
          ],
          [
            -74.2835118,
            42.1084934
          ],
          [
            -74.2833764,
            42.1085856
          ],
          [
            -74.2832942,
            42.1086509
          ],
          [
            -74.2832154,
            42.1087248
          ],
          [
            -74.2831292,
            42.1088349
          ],
          [
            -74.283079,
            42.1089184
          ],
          [
            -74.2830318,
            42.1090127
          ],
          [
            -74.2828895,
            42.1093168
          ],
          [
            -74.2827326,
            42.1096737
          ],
          [
            -74.2826394,
            42.109855
          ],
          [
            -74.2824382,
            42.1101968
          ],
          [
            -74.2823128,
            42.1103854
          ],
          [
            -74.2822003,
            42.1105403
          ],
          [
            -74.28208,
            42.1106792
          ],
          [
            -74.2819766,
            42.1107857
          ],
          [
            -74.281818,
            42.110928
          ],
          [
            -74.2816973,
            42.1110255
          ],
          [
            -74.2815837,
            42.1111232
          ],
          [
            -74.2815048,
            42.1112016
          ],
          [
            -74.2813906,
            42.1113299
          ],
          [
            -74.28124,
            42.11153
          ],
          [
            -74.2810394,
            42.1118416
          ],
          [
            -74.2808582,
            42.1121576
          ],
          [
            -74.2807756,
            42.1123187
          ],
          [
            -74.2805634,
            42.1127244
          ],
          [
            -74.2804626,
            42.1128965
          ],
          [
            -74.2803804,
            42.1130217
          ],
          [
            -74.2802089,
            42.113246
          ],
          [
            -74.2800558,
            42.1134203
          ],
          [
            -74.2798881,
            42.1135895
          ],
          [
            -74.2795663,
            42.1138608
          ],
          [
            -74.278915,
            42.114344
          ],
          [
            -74.2780468,
            42.114977
          ],
          [
            -74.2776664,
            42.1152522
          ],
          [
            -74.2774362,
            42.1154446
          ],
          [
            -74.2772555,
            42.1156055
          ],
          [
            -74.2771097,
            42.1157542
          ],
          [
            -74.2769435,
            42.1159474
          ],
          [
            -74.2767872,
            42.1161467
          ],
          [
            -74.2763171,
            42.1167998
          ],
          [
            -74.2761899,
            42.1169698
          ],
          [
            -74.2760427,
            42.1171505
          ],
          [
            -74.2757862,
            42.1174178
          ],
          [
            -74.2755542,
            42.117616
          ],
          [
            -74.2753344,
            42.1177808
          ],
          [
            -74.2750995,
            42.1179391
          ],
          [
            -74.274909,
            42.118052
          ],
          [
            -74.2747613,
            42.118129
          ],
          [
            -74.2743929,
            42.1183004
          ],
          [
            -74.2742431,
            42.1183609
          ],
          [
            -74.2740394,
            42.1184371
          ],
          [
            -74.2735665,
            42.1185965
          ],
          [
            -74.2730036,
            42.1187765
          ],
          [
            -74.2726017,
            42.118917
          ],
          [
            -74.2723641,
            42.1190081
          ],
          [
            -74.2721777,
            42.1190868
          ],
          [
            -74.2719343,
            42.1192057
          ],
          [
            -74.2717552,
            42.1193051
          ],
          [
            -74.2715706,
            42.1194177
          ],
          [
            -74.2712357,
            42.1196618
          ],
          [
            -74.2710142,
            42.1198467
          ],
          [
            -74.2709258,
            42.1199262
          ],
          [
            -74.270385,
            42.120443
          ],
          [
            -74.269614,
            42.121212
          ],
          [
            -74.2689001,
            42.1219053
          ],
          [
            -74.2686708,
            42.1221268
          ],
          [
            -74.2684888,
            42.1223099
          ],
          [
            -74.268318,
            42.1224794
          ],
          [
            -74.2681157,
            42.1227124
          ],
          [
            -74.2680038,
            42.1228486
          ],
          [
            -74.26785,
            42.123075
          ],
          [
            -74.2677392,
            42.1232698
          ],
          [
            -74.267633,
            42.1234878
          ],
          [
            -74.2674707,
            42.1238512
          ],
          [
            -74.2673282,
            42.1241811
          ],
          [
            -74.2671782,
            42.1245329
          ],
          [
            -74.2670059,
            42.1248816
          ],
          [
            -74.2669027,
            42.1250596
          ],
          [
            -74.2668217,
            42.1251826
          ],
          [
            -74.2666595,
            42.1254108
          ],
          [
            -74.2666014,
            42.1254811
          ],
          [
            -74.266403,
            42.125694
          ],
          [
            -74.266373,
            42.125729
          ],
          [
            -74.266046,
            42.126098
          ],
          [
            -74.265844,
            42.126351
          ],
          [
            -74.265771,
            42.126453
          ],
          [
            -74.265624,
            42.126706
          ],
          [
            -74.2651346,
            42.1276173
          ],
          [
            -74.2650675,
            42.1277306
          ],
          [
            -74.264977,
            42.1278699
          ],
          [
            -74.2648861,
            42.1279892
          ],
          [
            -74.264792,
            42.1280995
          ],
          [
            -74.2646399,
            42.1282636
          ],
          [
            -74.264472,
            42.128426
          ],
          [
            -74.2643464,
            42.12853
          ],
          [
            -74.264208,
            42.128636
          ],
          [
            -74.263921,
            42.128834
          ],
          [
            -74.263733,
            42.128952
          ],
          [
            -74.263535,
            42.129066
          ],
          [
            -74.263332,
            42.129168
          ],
          [
            -74.263126,
            42.129263
          ],
          [
            -74.263023,
            42.129303
          ],
          [
            -74.262602,
            42.129444
          ],
          [
            -74.260887,
            42.1300044
          ],
          [
            -74.2595892,
            42.130408
          ],
          [
            -74.2586403,
            42.1306831
          ],
          [
            -74.257814,
            42.1309166
          ],
          [
            -74.2573943,
            42.1310279
          ],
          [
            -74.2570841,
            42.131093
          ],
          [
            -74.2568276,
            42.1311373
          ],
          [
            -74.2565769,
            42.1311709
          ],
          [
            -74.2563197,
            42.1311945
          ],
          [
            -74.2559961,
            42.1312071
          ],
          [
            -74.255718,
            42.131205
          ],
          [
            -74.2554838,
            42.1311949
          ],
          [
            -74.2552747,
            42.1311769
          ],
          [
            -74.2550065,
            42.1311419
          ],
          [
            -74.2547548,
            42.1310968
          ],
          [
            -74.2544702,
            42.1310366
          ],
          [
            -74.2538993,
            42.1308995
          ],
          [
            -74.2528017,
            42.1306206
          ],
          [
            -74.252333,
            42.1305101
          ],
          [
            -74.2521631,
            42.1304748
          ],
          [
            -74.2519755,
            42.1304407
          ],
          [
            -74.2517149,
            42.1304016
          ],
          [
            -74.2514636,
            42.1303749
          ],
          [
            -74.2511355,
            42.130351
          ],
          [
            -74.251011,
            42.1303464
          ],
          [
            -74.2507103,
            42.1303429
          ],
          [
            -74.2503353,
            42.1303575
          ],
          [
            -74.2497673,
            42.1304031
          ],
          [
            -74.2477432,
            42.1305658
          ],
          [
            -74.2474147,
            42.1305869
          ],
          [
            -74.2470787,
            42.1306004
          ],
          [
            -74.2467583,
            42.130602
          ],
          [
            -74.2462743,
            42.1306072
          ],
          [
            -74.2458544,
            42.1306155
          ],
          [
            -74.245464,
            42.130633
          ],
          [
            -74.2445706,
            42.1306956
          ],
          [
            -74.2441888,
            42.1307143
          ],
          [
            -74.244009,
            42.1307174
          ],
          [
            -74.2437252,
            42.1307189
          ],
          [
            -74.2432659,
            42.1306985
          ],
          [
            -74.2428753,
            42.1306746
          ],
          [
            -74.2425293,
            42.1306568
          ],
          [
            -74.2421687,
            42.1306491
          ],
          [
            -74.241843,
            42.1306527
          ],
          [
            -74.2415967,
            42.1306713
          ],
          [
            -74.241415,
            42.1306914
          ],
          [
            -74.2410936,
            42.1307362
          ],
          [
            -74.2407992,
            42.130796
          ],
          [
            -74.240567,
            42.1308558
          ],
          [
            -74.2403074,
            42.1309346
          ],
          [
            -74.2401095,
            42.1310038
          ],
          [
            -74.2397953,
            42.131127
          ],
          [
            -74.239589,
            42.1312104
          ],
          [
            -74.2390082,
            42.131459
          ],
          [
            -74.2383935,
            42.1317221
          ],
          [
            -74.2380138,
            42.1318771
          ],
          [
            -74.2378994,
            42.1319208
          ],
          [
            -74.237412,
            42.132077
          ],
          [
            -74.2358835,
            42.1325061
          ],
          [
            -74.2352506,
            42.1326843
          ],
          [
            -74.2350248,
            42.1327502
          ],
          [
            -74.2348,
            42.1328261
          ],
          [
            -74.2345752,
            42.132902
          ],
          [
            -74.2342148,
            42.1330387
          ],
          [
            -74.2337736,
            42.1332132
          ],
          [
            -74.2333494,
            42.1333727
          ],
          [
            -74.233177,
            42.1334274
          ],
          [
            -74.2329719,
            42.1334864
          ],
          [
            -74.2326972,
            42.1335547
          ],
          [
            -74.2324566,
            42.1336006
          ],
          [
            -74.2322335,
            42.1336357
          ],
          [
            -74.231918,
            42.133673
          ],
          [
            -74.2313809,
            42.1337301
          ],
          [
            -74.23101,
            42.1337834
          ],
          [
            -74.2306494,
            42.1338529
          ],
          [
            -74.230498,
            42.133889
          ],
          [
            -74.229894,
            42.134071
          ],
          [
            -74.22891,
            42.134392
          ],
          [
            -74.228079,
            42.134686
          ],
          [
            -74.2276635,
            42.134824
          ],
          [
            -74.227323,
            42.134938
          ],
          [
            -74.226442,
            42.135241
          ],
          [
            -74.2257503,
            42.1354576
          ],
          [
            -74.2253053,
            42.1355808
          ],
          [
            -74.2248285,
            42.135696
          ],
          [
            -74.2243325,
            42.1358141
          ],
          [
            -74.22393,
            42.135911
          ],
          [
            -74.223853,
            42.135934
          ],
          [
            -74.223531,
            42.13603
          ],
          [
            -74.2231983,
            42.1361451
          ],
          [
            -74.2228253,
            42.1362897
          ],
          [
            -74.2223789,
            42.1364693
          ],
          [
            -74.2217787,
            42.1367049
          ],
          [
            -74.220903,
            42.1369995
          ],
          [
            -74.2202542,
            42.1372159
          ],
          [
            -74.2192111,
            42.1375676
          ],
          [
            -74.2185181,
            42.1378012
          ],
          [
            -74.2177587,
            42.1380561
          ],
          [
            -74.2173639,
            42.1381998
          ],
          [
            -74.2171332,
            42.1382952
          ],
          [
            -74.21681,
            42.1384415
          ],
          [
            -74.2151388,
            42.1392537
          ],
          [
            -74.2150441,
            42.1392998
          ],
          [
            -74.2141077,
            42.1397601
          ],
          [
            -74.2137843,
            42.139932
          ],
          [
            -74.2135245,
            42.1400908
          ],
          [
            -74.213312,
            42.1402398
          ],
          [
            -74.2131228,
            42.1403937
          ],
          [
            -74.2129509,
            42.1405512
          ],
          [
            -74.2127474,
            42.1407701
          ],
          [
            -74.2126602,
            42.140879
          ],
          [
            -74.2125461,
            42.1410354
          ],
          [
            -74.2124462,
            42.1411914
          ],
          [
            -74.2123941,
            42.1412848
          ],
          [
            -74.2123634,
            42.1413431
          ],
          [
            -74.2122816,
            42.1415259
          ],
          [
            -74.2122095,
            42.1417474
          ],
          [
            -74.2121651,
            42.1419429
          ],
          [
            -74.2121374,
            42.1421044
          ],
          [
            -74.2121097,
            42.1423134
          ],
          [
            -74.212054,
            42.142746
          ],
          [
            -74.212016,
            42.142964
          ],
          [
            -74.211962,
            42.143151
          ],
          [
            -74.211902,
            42.14333
          ],
          [
            -74.211812,
            42.143517
          ],
          [
            -74.211786,
            42.143557
          ],
          [
            -74.211704,
            42.143681
          ],
          [
            -74.211627,
            42.143787
          ],
          [
            -74.211527,
            42.143924
          ],
          [
            -74.211334,
            42.144179
          ],
          [
            -74.210753,
            42.144846
          ],
          [
            -74.210575,
            42.145064
          ],
          [
            -74.210418,
            42.145293
          ],
          [
            -74.210292,
            42.145488
          ],
          [
            -74.210208,
            42.145649
          ],
          [
            -74.210164,
            42.145779
          ],
          [
            -74.210074,
            42.146151
          ],
          [
            -74.210047,
            42.146383
          ],
          [
            -74.2100419,
            42.1464111
          ],
          [
            -74.209964,
            42.146842
          ],
          [
            -74.2099546,
            42.1468706
          ],
          [
            -74.209855,
            42.147172
          ],
          [
            -74.209794,
            42.147318
          ],
          [
            -74.209696,
            42.147522
          ],
          [
            -74.209435,
            42.147959
          ],
          [
            -74.209326,
            42.148162
          ],
          [
            -74.209128,
            42.148561
          ],
          [
            -74.209038,
            42.148779
          ],
          [
            -74.208975,
            42.148995
          ],
          [
            -74.208901,
            42.14921
          ],
          [
            -74.208857,
            42.149357
          ],
          [
            -74.208797,
            42.149503
          ],
          [
            -74.208703,
            42.149703
          ],
          [
            -74.208522,
            42.150016
          ],
          [
            -74.20838,
            42.150232
          ],
          [
            -74.208127,
            42.15069
          ],
          [
            -74.2079242,
            42.1510124
          ],
          [
            -74.20791,
            42.151035
          ],
          [
            -74.207548,
            42.15165
          ],
          [
            -74.207101,
            42.152436
          ],
          [
            -74.206824,
            42.152935
          ],
          [
            -74.206499,
            42.153507
          ],
          [
            -74.206276,
            42.153956
          ],
          [
            -74.2061475,
            42.154228
          ],
          [
            -74.205994,
            42.154553
          ],
          [
            -74.2057251,
            42.1550935
          ],
          [
            -74.2055374,
            42.1554981
          ],
          [
            -74.2054125,
            42.1557813
          ],
          [
            -74.2053242,
            42.1560184
          ],
          [
            -74.2052475,
            42.1563029
          ],
          [
            -74.2051962,
            42.1566402
          ],
          [
            -74.2051621,
            42.1569445
          ],
          [
            -74.2051299,
            42.157206
          ],
          [
            -74.2051077,
            42.1573116
          ],
          [
            -74.2050393,
            42.1575312
          ],
          [
            -74.2049907,
            42.1576628
          ],
          [
            -74.204919,
            42.157816
          ],
          [
            -74.2048173,
            42.1580017
          ],
          [
            -74.2047501,
            42.1581152
          ],
          [
            -74.2046254,
            42.1582922
          ],
          [
            -74.2044943,
            42.1584521
          ],
          [
            -74.204355,
            42.1586049
          ],
          [
            -74.2040581,
            42.1588691
          ],
          [
            -74.2037632,
            42.1591011
          ],
          [
            -74.2035478,
            42.1592609
          ],
          [
            -74.2033873,
            42.1593852
          ],
          [
            -74.2032776,
            42.1594824
          ],
          [
            -74.2031788,
            42.1595793
          ],
          [
            -74.2030676,
            42.1596989
          ],
          [
            -74.2029647,
            42.1598313
          ],
          [
            -74.2029166,
            42.1598985
          ],
          [
            -74.2027947,
            42.1600832
          ],
          [
            -74.2027055,
            42.1602635
          ],
          [
            -74.2026174,
            42.1604825
          ],
          [
            -74.2025483,
            42.160727
          ],
          [
            -74.2024411,
            42.1612456
          ],
          [
            -74.2023247,
            42.1618099
          ],
          [
            -74.2022413,
            42.1621947
          ],
          [
            -74.202194,
            42.162375
          ],
          [
            -74.202074,
            42.1627796
          ],
          [
            -74.201851,
            42.163533
          ],
          [
            -74.201745,
            42.163923
          ],
          [
            -74.201668,
            42.164301
          ],
          [
            -74.2014666,
            42.1650546
          ],
          [
            -74.2013919,
            42.1652706
          ],
          [
            -74.2012948,
            42.1655513
          ],
          [
            -74.2011131,
            42.1660107
          ],
          [
            -74.200873,
            42.166572
          ],
          [
            -74.2006629,
            42.1670374
          ],
          [
            -74.2002317,
            42.1681212
          ],
          [
            -74.2001096,
            42.1684541
          ],
          [
            -74.1999956,
            42.1688469
          ],
          [
            -74.199889,
            42.1692831
          ],
          [
            -74.199847,
            42.169525
          ],
          [
            -74.199693,
            42.170592
          ],
          [
            -74.199495,
            42.17179
          ],
          [
            -74.1989512,
            42.1748587
          ],
          [
            -74.1989191,
            42.1750307
          ],
          [
            -74.198749,
            42.175757
          ],
          [
            -74.198514,
            42.1764204
          ],
          [
            -74.1984402,
            42.1766582
          ],
          [
            -74.1983891,
            42.176839
          ],
          [
            -74.1983519,
            42.1770246
          ],
          [
            -74.1983284,
            42.1771857
          ],
          [
            -74.1983177,
            42.1774434
          ],
          [
            -74.198319,
            42.1779194
          ],
          [
            -74.1982956,
            42.1782156
          ],
          [
            -74.1982577,
            42.1784057
          ],
          [
            -74.1982146,
            42.1785735
          ],
          [
            -74.198175,
            42.178702
          ],
          [
            -74.198104,
            42.17885
          ],
          [
            -74.19803,
            42.179001
          ],
          [
            -74.197956,
            42.179126
          ],
          [
            -74.197853,
            42.179278
          ],
          [
            -74.1974052,
            42.1798284
          ],
          [
            -74.197307,
            42.179972
          ],
          [
            -74.197226,
            42.180097
          ],
          [
            -74.197118,
            42.180284
          ],
          [
            -74.1970652,
            42.1804135
          ],
          [
            -74.197041,
            42.180466
          ],
          [
            -74.1969816,
            42.1806095
          ],
          [
            -74.196925,
            42.180881
          ],
          [
            -74.1969146,
            42.180963
          ],
          [
            -74.196909,
            42.181007
          ],
          [
            -74.1967569,
            42.1815845
          ],
          [
            -74.1967081,
            42.1817411
          ],
          [
            -74.1966014,
            42.1820142
          ],
          [
            -74.1965144,
            42.1821813
          ],
          [
            -74.1964392,
            42.1823157
          ],
          [
            -74.1962958,
            42.1825513
          ],
          [
            -74.1961274,
            42.1827924
          ],
          [
            -74.195884,
            42.1830824
          ],
          [
            -74.195095,
            42.183877
          ],
          [
            -74.1941702,
            42.1848003
          ],
          [
            -74.1939116,
            42.1850619
          ],
          [
            -74.193828,
            42.1851416
          ],
          [
            -74.193736,
            42.185223
          ],
          [
            -74.1922798,
            42.1866821
          ],
          [
            -74.1920616,
            42.1868971
          ],
          [
            -74.1919437,
            42.1870199
          ],
          [
            -74.19186,
            42.187112
          ],
          [
            -74.191672,
            42.187335
          ],
          [
            -74.19156,
            42.1875
          ],
          [
            -74.1914098,
            42.1877646
          ],
          [
            -74.1911713,
            42.1882712
          ],
          [
            -74.1909792,
            42.1886501
          ],
          [
            -74.1909209,
            42.1887317
          ],
          [
            -74.1907714,
            42.1889209
          ],
          [
            -74.1905844,
            42.1891108
          ],
          [
            -74.1904421,
            42.189238
          ],
          [
            -74.1902554,
            42.1893776
          ],
          [
            -74.1900457,
            42.1895102
          ],
          [
            -74.189834,
            42.1896309
          ],
          [
            -74.1895602,
            42.189744
          ],
          [
            -74.189245,
            42.1898521
          ],
          [
            -74.1885994,
            42.1900364
          ],
          [
            -74.1884882,
            42.1900681
          ],
          [
            -74.1879567,
            42.1902195
          ],
          [
            -74.1869408,
            42.1905079
          ],
          [
            -74.1853342,
            42.1909573
          ],
          [
            -74.1850831,
            42.1910304
          ],
          [
            -74.1847817,
            42.191122
          ],
          [
            -74.1845691,
            42.1911975
          ],
          [
            -74.184367,
            42.1912787
          ],
          [
            -74.184233,
            42.1913366
          ],
          [
            -74.1838606,
            42.1915209
          ],
          [
            -74.1832993,
            42.1918065
          ],
          [
            -74.1828603,
            42.1920474
          ],
          [
            -74.1825805,
            42.1921926
          ],
          [
            -74.1818527,
            42.1925703
          ],
          [
            -74.1812104,
            42.1929063
          ],
          [
            -74.1806247,
            42.1932145
          ],
          [
            -74.1798249,
            42.1936367
          ],
          [
            -74.179132,
            42.193992
          ]
        ]
      }
    },
    {
      "type": "Feature",
      "properties": {
        "sweep_id": "r-001",
        "name": "NY-23A: Kaaterskill Clove",
        "match_method": "route ref 23A (network US:NY), clipped Palenville..Prattsville via anchors",
        "candidate_segments": 118,
        "used_segments": 78,
        "traced_length_mi": 26.17,
        "seed_length_mi": 34.5,
        "length_delta_pct": -24.1,
        "length_flag": true,
        "anchor_a": {
          "label": "NY-32A at Palenville",
          "method": "exact shared endpoint"
        },
        "anchor_b": {
          "label": "NY-23 at Prattsville",
          "method": "exact shared endpoint"
        },
        "source": "Overture Maps transportation/segment release 2026-06-17.0",
        "overture_segment_ids": [
          "7e94c65b-d262-4727-90b7-5b1f460ba71a",
          "8872e7aa-aef3-494d-9093-fd96ad81f4df",
          "9dafa2e3-2b28-4195-8a88-7cf47c32a640",
          "15983393-8c0c-4d45-9e7e-7dbeecdcaebb",
          "3b15932e-017e-4263-b446-383ab71ded71",
          "f669b65a-b55e-414c-b98e-884211e63e28",
          "1b91e445-b47e-457b-87df-79ea112150a0",
          "c919c094-d6e8-439c-a174-ff18ada5238d",
          "cf4a4d62-9c94-4eaa-8e03-c8655fe6fe29",
          "a185b476-1a98-496c-8b2b-7ceb56649dc5",
          "aa4a0db3-b660-4d65-864f-15545ae0c3de",
          "1217559e-5971-45e9-a111-0b586e07b038",
          "30398178-e54f-4cb1-9266-456c72dd15f2",
          "8c8586d1-98aa-4369-9bca-bff02d51ff4f",
          "0f042ff0-493e-452c-bd12-310f1b86a87c",
          "e24e79a8-d851-47a2-a97a-8deb9a505971",
          "510d2217-5c6b-4fbc-bc90-4b118c8ee4f4",
          "a40224c1-f737-4564-b41c-b67a431b3693",
          "c6127c57-7a4e-449f-93bd-4e7fdfdd8e3c",
          "82e36ffb-e6a2-4111-a9c1-37a19e7e07cf",
          "7ab644e9-da7b-4548-bf2b-6fd85756282d",
          "8e8ab3da-41d6-431a-a109-ee02255cbca4",
          "221a0072-96c0-4575-a4b8-0a08ded02f4a",
          "30c1a05f-a57c-4d4c-ac6d-d0b0ab57fa15",
          "cc36fdda-6811-43c8-92de-fcd9c843ccde",
          "f85d3576-ac77-4530-b8bb-718f6d7d7e54",
          "3f18e12e-6081-4b3d-b151-a83c1fa8f967",
          "bf46eb97-27a7-4f47-adc9-42f182dbbb1e",
          "9b67fa7c-64e0-42fa-a25f-125851288037",
          "b6db1d3f-aa65-4a8e-9292-3ea09059b23c",
          "ded0e4df-1ba9-47f2-8075-fbba3cd5b23d",
          "62a7b564-7913-4aa9-bbbb-a814f98dc75d",
          "066f0e69-7612-4177-9400-a4be7ad699c6",
          "4ed437c5-b2e2-44f5-8f99-b57526e91565",
          "c55e5b5d-6eb1-45c2-abfd-5eaa0b826384",
          "ce25ac4e-ebab-46b2-a638-2edd0d446893",
          "6c48ab60-b2d5-4b9f-8c5a-9ebd61a2faeb",
          "a0bdda2b-1bed-4c7e-833f-1f03e29e57bd",
          "78d184af-6f44-4f25-9bc9-b696d78e7160",
          "8d005beb-f9ed-4ae2-a1b4-c69a0020d1ae",
          "80f12e44-0584-4979-a4d1-11c7286f6bd4",
          "c7af2ee2-6924-4954-9c19-447770add3dd",
          "12963b38-07b4-478f-a412-f689bb8a56e0",
          "7f53ede0-aff4-462b-8177-694304ee8bdd",
          "0cec1544-ec3d-4bf8-ad23-d69b5fde14c3",
          "94da40fe-4b16-4d2a-b345-2c53d5b4ae3d",
          "35b8d7fa-818e-4df2-96a9-6d010a95350b",
          "089dc51b-79c2-4708-9754-5191e827120a",
          "272f32a8-cc53-49a4-9a33-5e9308a3e002",
          "9fbda3d5-5bcf-4c82-a989-168e93d7b522",
          "319f7ec1-30e8-4a02-8bd2-f797fc28a283",
          "adb04507-66d6-4eb9-95db-4d9d38f3595a",
          "94d06007-1b8b-48b4-b683-9474406fc40d",
          "f27778d7-af49-4e3c-b071-c76097607aa5",
          "0bbf1a46-43c0-4322-b8bc-37bd599ab528",
          "1d0613d5-e7b2-4bc9-8093-fb4120da4452",
          "a5c9f3f5-d077-4a12-ae0e-eca40c9d3a7e",
          "37785da2-4a22-4325-813b-15934ef16a74",
          "7cd10dea-df8b-4855-bf7f-78d8fc847e25",
          "2e6e398d-2f05-48e6-8f76-cb6b189df7db",
          "d46320f4-6dba-4913-92e0-c049b3b6ff8b",
          "c0731834-d437-44f0-9ab9-e69a0005d441",
          "68fb414a-19c5-4539-a014-6e3aca894bbd",
          "d9d98c38-6b57-4fd3-b43f-6cc75f9784db",
          "2ebf3216-50c9-40bc-ac85-0d295bd153bd",
          "a2704672-a9bc-4e61-8d47-f4c80620f074",
          "ffe92d72-75ba-4098-9443-8802c53dd8c4",
          "94e0500c-f3b8-4bcd-be8f-a84bf3906b2d",
          "ad5677e9-adcc-4c7e-92b0-68288e5e2c21",
          "a6623cf3-c825-4da4-9ec6-02dc0d983f9b",
          "e9fe4a91-f1ef-4e20-a4b5-30b346334a53",
          "b5e4dba8-b689-4dcb-9eeb-fc341581fe4f",
          "75347285-062f-46fd-9f43-34d8df8aed97",
          "510b93db-9971-4991-b612-820538699106",
          "8966155d-3a3c-489e-a8a4-e6661546b33f",
          "d8cb4193-be74-4789-804b-55366780fcdd",
          "6364b5d8-bbc4-4e3b-90db-a616c2d331a6",
          "5d5fd03a-d35b-4c7b-8d60-4ecff7746a62"
        ]
      },
      "geometry": {
        "type": "LineString",
        "coordinates": [
          [
            -74.0201343,
            42.1747876
          ],
          [
            -74.020648,
            42.1748688
          ],
          [
            -74.0208994,
            42.1749013
          ],
          [
            -74.0210866,
            42.1749218
          ],
          [
            -74.021713,
            42.174991
          ],
          [
            -74.021984,
            42.1750209
          ],
          [
            -74.0222596,
            42.1750531
          ],
          [
            -74.02264,
            42.1750967
          ],
          [
            -74.0232303,
            42.1751646
          ],
          [
            -74.0244093,
            42.1752931
          ],
          [
            -74.0246767,
            42.1753155
          ],
          [
            -74.0248532,
            42.1753267
          ],
          [
            -74.0255408,
            42.1753619
          ],
          [
            -74.0264537,
            42.1753712
          ],
          [
            -74.027086,
            42.175366
          ],
          [
            -74.02728,
            42.175376
          ],
          [
            -74.027415,
            42.175389
          ],
          [
            -74.027557,
            42.175412
          ],
          [
            -74.027718,
            42.175448
          ],
          [
            -74.028912,
            42.175684
          ],
          [
            -74.029567,
            42.175823
          ],
          [
            -74.029875,
            42.175915
          ],
          [
            -74.0305116,
            42.1761367
          ],
          [
            -74.0321463,
            42.176705
          ],
          [
            -74.0323155,
            42.1767644
          ],
          [
            -74.0325153,
            42.176819
          ],
          [
            -74.0326668,
            42.1768533
          ],
          [
            -74.032918,
            42.1768974
          ],
          [
            -74.0331709,
            42.1769269
          ],
          [
            -74.0333951,
            42.1769373
          ],
          [
            -74.0335909,
            42.176929
          ],
          [
            -74.034098,
            42.176887
          ],
          [
            -74.0342902,
            42.1768849
          ],
          [
            -74.0345577,
            42.176902
          ],
          [
            -74.0348053,
            42.1769374
          ],
          [
            -74.0349728,
            42.17696
          ],
          [
            -74.0351338,
            42.176975
          ],
          [
            -74.0352666,
            42.17698
          ],
          [
            -74.035454,
            42.176972
          ],
          [
            -74.0364542,
            42.1768702
          ],
          [
            -74.0366326,
            42.1768418
          ],
          [
            -74.0367268,
            42.1768226
          ],
          [
            -74.036803,
            42.1768042
          ],
          [
            -74.0372768,
            42.1766699
          ],
          [
            -74.0374648,
            42.1766161
          ],
          [
            -74.0376601,
            42.1765609
          ],
          [
            -74.0380565,
            42.1764547
          ],
          [
            -74.0385353,
            42.176345
          ],
          [
            -74.039263,
            42.176188
          ],
          [
            -74.0396616,
            42.1761027
          ],
          [
            -74.0399046,
            42.1760602
          ],
          [
            -74.0400278,
            42.1760449
          ],
          [
            -74.0401769,
            42.1760335
          ],
          [
            -74.0404167,
            42.176046
          ],
          [
            -74.0406342,
            42.1760701
          ],
          [
            -74.041569,
            42.1762541
          ],
          [
            -74.0419422,
            42.1763305
          ],
          [
            -74.0426046,
            42.1764661
          ],
          [
            -74.0428939,
            42.1765195
          ],
          [
            -74.0431483,
            42.1765482
          ],
          [
            -74.0434087,
            42.176563
          ],
          [
            -74.0435938,
            42.1765979
          ],
          [
            -74.0439798,
            42.1767057
          ],
          [
            -74.0442786,
            42.1767809
          ],
          [
            -74.0444003,
            42.1767859
          ],
          [
            -74.0445085,
            42.1767717
          ],
          [
            -74.0446116,
            42.1767317
          ],
          [
            -74.0448236,
            42.1766059
          ],
          [
            -74.0449807,
            42.1765348
          ],
          [
            -74.0451022,
            42.1764979
          ],
          [
            -74.0452287,
            42.1764758
          ],
          [
            -74.0453589,
            42.1764668
          ],
          [
            -74.0455286,
            42.1764688
          ],
          [
            -74.0456811,
            42.1764749
          ],
          [
            -74.0460714,
            42.1765109
          ],
          [
            -74.0464684,
            42.176565
          ],
          [
            -74.0471564,
            42.1767122
          ],
          [
            -74.047843,
            42.176877
          ],
          [
            -74.048175,
            42.1770171
          ],
          [
            -74.0483983,
            42.177123
          ],
          [
            -74.0486639,
            42.1772083
          ],
          [
            -74.0490208,
            42.1773019
          ],
          [
            -74.0492701,
            42.1773786
          ],
          [
            -74.0494169,
            42.1774326
          ],
          [
            -74.0495509,
            42.1774936
          ],
          [
            -74.0500225,
            42.1778019
          ],
          [
            -74.0501416,
            42.1778575
          ],
          [
            -74.0502883,
            42.1778825
          ],
          [
            -74.0504223,
            42.1778766
          ],
          [
            -74.0505418,
            42.1778466
          ],
          [
            -74.0506676,
            42.1777898
          ],
          [
            -74.0507638,
            42.1777288
          ],
          [
            -74.0508704,
            42.1776523
          ],
          [
            -74.0511265,
            42.1774292
          ],
          [
            -74.0512508,
            42.1773503
          ],
          [
            -74.0513646,
            42.1772982
          ],
          [
            -74.0514741,
            42.1772577
          ],
          [
            -74.0516069,
            42.1772198
          ],
          [
            -74.0518829,
            42.177141
          ],
          [
            -74.0524507,
            42.1769844
          ],
          [
            -74.0526422,
            42.1769449
          ],
          [
            -74.0529393,
            42.1769024
          ],
          [
            -74.0532088,
            42.1768794
          ],
          [
            -74.0535008,
            42.176874
          ],
          [
            -74.0537241,
            42.1768705
          ],
          [
            -74.0539445,
            42.176872
          ],
          [
            -74.0541376,
            42.1768886
          ],
          [
            -74.054312,
            42.176926
          ],
          [
            -74.0544829,
            42.1769697
          ],
          [
            -74.0550165,
            42.1771603
          ],
          [
            -74.0551972,
            42.177207
          ],
          [
            -74.0553796,
            42.177229
          ],
          [
            -74.0555641,
            42.1772319
          ],
          [
            -74.055953,
            42.1771979
          ],
          [
            -74.0561717,
            42.177185
          ],
          [
            -74.056339,
            42.177196
          ],
          [
            -74.056507,
            42.177236
          ],
          [
            -74.056644,
            42.177283
          ],
          [
            -74.0568848,
            42.1774005
          ],
          [
            -74.0569899,
            42.177437
          ],
          [
            -74.0571184,
            42.1774655
          ],
          [
            -74.0572628,
            42.1774724
          ],
          [
            -74.0574991,
            42.1774685
          ],
          [
            -74.057606,
            42.1774846
          ],
          [
            -74.05772,
            42.1775231
          ],
          [
            -74.057842,
            42.177588
          ],
          [
            -74.0580909,
            42.1777711
          ],
          [
            -74.0583982,
            42.1780116
          ],
          [
            -74.0586017,
            42.178151
          ],
          [
            -74.0588379,
            42.1782794
          ],
          [
            -74.059044,
            42.1783849
          ],
          [
            -74.0596208,
            42.1786539
          ],
          [
            -74.0598824,
            42.1787878
          ],
          [
            -74.0600187,
            42.1788809
          ],
          [
            -74.06019,
            42.179037
          ],
          [
            -74.060422,
            42.179389
          ],
          [
            -74.060573,
            42.179579
          ],
          [
            -74.060875,
            42.179845
          ],
          [
            -74.06178,
            42.180533
          ],
          [
            -74.062103,
            42.180802
          ],
          [
            -74.062157,
            42.180884
          ],
          [
            -74.062224,
            42.181046
          ],
          [
            -74.062271,
            42.181122
          ],
          [
            -74.06232,
            42.181182
          ],
          [
            -74.062482,
            42.181311
          ],
          [
            -74.062877,
            42.181551
          ],
          [
            -74.063053,
            42.181659
          ],
          [
            -74.063307,
            42.181791
          ],
          [
            -74.064279,
            42.18222
          ],
          [
            -74.065722,
            42.182792
          ],
          [
            -74.066016,
            42.182931
          ],
          [
            -74.066273,
            42.183078
          ],
          [
            -74.0666359,
            42.1832978
          ],
          [
            -74.0670122,
            42.183529
          ],
          [
            -74.0672948,
            42.1836677
          ],
          [
            -74.0674152,
            42.1837128
          ],
          [
            -74.067612,
            42.183776
          ],
          [
            -74.0678,
            42.18383
          ],
          [
            -74.068114,
            42.183923
          ],
          [
            -74.0683503,
            42.1840089
          ],
          [
            -74.0686511,
            42.1841924
          ],
          [
            -74.0688518,
            42.1843332
          ],
          [
            -74.0691992,
            42.18463
          ],
          [
            -74.0693658,
            42.1847997
          ],
          [
            -74.0695612,
            42.1849998
          ],
          [
            -74.0696976,
            42.185132
          ],
          [
            -74.0698714,
            42.1852374
          ],
          [
            -74.0702575,
            42.1854252
          ],
          [
            -74.0707895,
            42.185685
          ],
          [
            -74.0710602,
            42.1858316
          ],
          [
            -74.0712322,
            42.1859797
          ],
          [
            -74.0714596,
            42.186227
          ],
          [
            -74.071697,
            42.186519
          ],
          [
            -74.071843,
            42.186742
          ],
          [
            -74.071925,
            42.186929
          ],
          [
            -74.071985,
            42.187164
          ],
          [
            -74.0720648,
            42.1879754
          ],
          [
            -74.0720721,
            42.1883949
          ],
          [
            -74.072064,
            42.188468
          ],
          [
            -74.072031,
            42.188528
          ],
          [
            -74.071993,
            42.188584
          ],
          [
            -74.071893,
            42.188696
          ],
          [
            -74.071822,
            42.188809
          ],
          [
            -74.071793,
            42.188868
          ],
          [
            -74.07177,
            42.188942
          ],
          [
            -74.07176,
            42.189013
          ],
          [
            -74.071756,
            42.189136
          ],
          [
            -74.071803,
            42.189564
          ],
          [
            -74.071808,
            42.189684
          ],
          [
            -74.071775,
            42.189835
          ],
          [
            -74.071727,
            42.189937
          ],
          [
            -74.0715382,
            42.1902108
          ],
          [
            -74.0713964,
            42.1903973
          ],
          [
            -74.0713024,
            42.1904944
          ],
          [
            -74.0711744,
            42.1905894
          ],
          [
            -74.0709744,
            42.1907131
          ],
          [
            -74.070777,
            42.1908194
          ],
          [
            -74.0706728,
            42.1908847
          ],
          [
            -74.0706148,
            42.1909308
          ],
          [
            -74.0705749,
            42.1909882
          ],
          [
            -74.0705692,
            42.1910431
          ],
          [
            -74.070567,
            42.1911022
          ],
          [
            -74.0705847,
            42.1911423
          ],
          [
            -74.0706151,
            42.1911882
          ],
          [
            -74.07073,
            42.191316
          ],
          [
            -74.0707767,
            42.1913491
          ],
          [
            -74.070827,
            42.1913891
          ],
          [
            -74.0708883,
            42.1914259
          ],
          [
            -74.0709604,
            42.1914419
          ],
          [
            -74.0710568,
            42.1914458
          ],
          [
            -74.071166,
            42.191434
          ],
          [
            -74.0713175,
            42.1914027
          ],
          [
            -74.0714649,
            42.1913676
          ],
          [
            -74.071661,
            42.1913129
          ],
          [
            -74.0719378,
            42.1912091
          ],
          [
            -74.0722899,
            42.1910438
          ],
          [
            -74.072521,
            42.190936
          ],
          [
            -74.072716,
            42.190835
          ],
          [
            -74.072844,
            42.190761
          ],
          [
            -74.0729666,
            42.190651
          ],
          [
            -74.0730779,
            42.1905421
          ],
          [
            -74.073283,
            42.190345
          ],
          [
            -74.0734463,
            42.1901899
          ],
          [
            -74.073581,
            42.190094
          ],
          [
            -74.07372,
            42.190032
          ],
          [
            -74.073825,
            42.190001
          ],
          [
            -74.073957,
            42.18998
          ],
          [
            -74.074065,
            42.189972
          ],
          [
            -74.074159,
            42.189975
          ],
          [
            -74.0742935,
            42.189996
          ],
          [
            -74.0743838,
            42.1900225
          ],
          [
            -74.0744675,
            42.1900471
          ],
          [
            -74.0753168,
            42.19042
          ],
          [
            -74.07578,
            42.1906389
          ],
          [
            -74.076184,
            42.1908449
          ],
          [
            -74.0766016,
            42.191079
          ],
          [
            -74.076967,
            42.1912931
          ],
          [
            -74.077221,
            42.191449
          ],
          [
            -74.0774705,
            42.1916301
          ],
          [
            -74.0777115,
            42.1918211
          ],
          [
            -74.0779051,
            42.1920021
          ],
          [
            -74.0781001,
            42.1921911
          ],
          [
            -74.0782831,
            42.192354
          ],
          [
            -74.0784321,
            42.192472
          ],
          [
            -74.0785861,
            42.1925685
          ],
          [
            -74.0789995,
            42.1928021
          ],
          [
            -74.0794951,
            42.1930899
          ],
          [
            -74.0796043,
            42.1931399
          ],
          [
            -74.079705,
            42.1931699
          ],
          [
            -74.079833,
            42.1931949
          ],
          [
            -74.079936,
            42.1931979
          ],
          [
            -74.0804482,
            42.193177
          ],
          [
            -74.0806852,
            42.193178
          ],
          [
            -74.0808745,
            42.193197
          ],
          [
            -74.0810836,
            42.193245
          ],
          [
            -74.082312,
            42.193584
          ],
          [
            -74.083694,
            42.193927
          ],
          [
            -74.0841346,
            42.194051
          ],
          [
            -74.0844523,
            42.1941759
          ],
          [
            -74.0849537,
            42.1943704
          ],
          [
            -74.0852273,
            42.1944499
          ],
          [
            -74.0854163,
            42.1944879
          ],
          [
            -74.0856273,
            42.1945109
          ],
          [
            -74.0858593,
            42.1945199
          ],
          [
            -74.0861928,
            42.194509
          ],
          [
            -74.0873592,
            42.1944496
          ],
          [
            -74.087825,
            42.1944169
          ],
          [
            -74.0880734,
            42.1943967
          ],
          [
            -74.0886991,
            42.1943459
          ],
          [
            -74.0890701,
            42.194315
          ],
          [
            -74.0898716,
            42.194237
          ],
          [
            -74.090132,
            42.1942169
          ],
          [
            -74.0903914,
            42.194208
          ],
          [
            -74.0906735,
            42.1942125
          ],
          [
            -74.0912577,
            42.1942283
          ],
          [
            -74.091754,
            42.1942638
          ],
          [
            -74.0920652,
            42.1943056
          ],
          [
            -74.0924148,
            42.1943715
          ],
          [
            -74.0927346,
            42.1944533
          ],
          [
            -74.0928425,
            42.1944887
          ],
          [
            -74.0930164,
            42.1945458
          ],
          [
            -74.0931816,
            42.1946136
          ],
          [
            -74.0936905,
            42.194855
          ],
          [
            -74.0940056,
            42.1949729
          ],
          [
            -74.0941036,
            42.1950005
          ],
          [
            -74.0942443,
            42.19504
          ],
          [
            -74.0946042,
            42.195124
          ],
          [
            -74.0948212,
            42.1951673
          ],
          [
            -74.0952658,
            42.1952559
          ],
          [
            -74.0955055,
            42.1953086
          ],
          [
            -74.0957564,
            42.1953756
          ],
          [
            -74.0960662,
            42.1954831
          ],
          [
            -74.0966122,
            42.1956854
          ],
          [
            -74.0971469,
            42.1958841
          ],
          [
            -74.0975009,
            42.195981
          ],
          [
            -74.0977925,
            42.196047
          ],
          [
            -74.097992,
            42.196083
          ],
          [
            -74.0982026,
            42.1961049
          ],
          [
            -74.0984621,
            42.1961059
          ],
          [
            -74.0986958,
            42.1960778
          ],
          [
            -74.098961,
            42.1960148
          ],
          [
            -74.0992094,
            42.195916
          ],
          [
            -74.0994345,
            42.1957999
          ],
          [
            -74.0994896,
            42.195768
          ],
          [
            -74.0999902,
            42.1954786
          ],
          [
            -74.1000258,
            42.195458
          ],
          [
            -74.1001241,
            42.1954101
          ],
          [
            -74.1001993,
            42.1953734
          ],
          [
            -74.1003613,
            42.1953073
          ],
          [
            -74.1006038,
            42.1952283
          ],
          [
            -74.1008166,
            42.1951772
          ],
          [
            -74.1010505,
            42.1951432
          ],
          [
            -74.1012145,
            42.195129
          ],
          [
            -74.101405,
            42.195118
          ],
          [
            -74.102114,
            42.195117
          ],
          [
            -74.102945,
            42.195139
          ],
          [
            -74.103074,
            42.19516
          ],
          [
            -74.103228,
            42.195197
          ],
          [
            -74.1035986,
            42.1952988
          ],
          [
            -74.1048508,
            42.1957431
          ],
          [
            -74.106092,
            42.196199
          ],
          [
            -74.1061355,
            42.1962155
          ],
          [
            -74.1073259,
            42.1965798
          ],
          [
            -74.1078089,
            42.1967139
          ],
          [
            -74.1080192,
            42.1967756
          ],
          [
            -74.108467,
            42.1969104
          ],
          [
            -74.1088942,
            42.197005
          ],
          [
            -74.109288,
            42.197073
          ],
          [
            -74.109514,
            42.197101
          ],
          [
            -74.110033,
            42.197129
          ],
          [
            -74.1102101,
            42.1971268
          ],
          [
            -74.1105812,
            42.1971117
          ],
          [
            -74.1109756,
            42.1970748
          ],
          [
            -74.112277,
            42.19688
          ],
          [
            -74.113474,
            42.196722
          ],
          [
            -74.1140478,
            42.1966422
          ],
          [
            -74.1144985,
            42.1965614
          ],
          [
            -74.1150775,
            42.1964234
          ],
          [
            -74.1156846,
            42.1962547
          ],
          [
            -74.116155,
            42.196127
          ],
          [
            -74.1164979,
            42.1960454
          ],
          [
            -74.1169526,
            42.1959668
          ],
          [
            -74.117181,
            42.195939
          ],
          [
            -74.1176593,
            42.1959067
          ],
          [
            -74.120356,
            42.195751
          ],
          [
            -74.1206232,
            42.195735
          ],
          [
            -74.120739,
            42.195728
          ],
          [
            -74.1212344,
            42.1957048
          ],
          [
            -74.1213341,
            42.1957001
          ],
          [
            -74.1214997,
            42.1956923
          ],
          [
            -74.122167,
            42.195661
          ],
          [
            -74.122199,
            42.195659
          ],
          [
            -74.123107,
            42.195627
          ],
          [
            -74.1232139,
            42.195623
          ],
          [
            -74.123771,
            42.195618
          ],
          [
            -74.1238812,
            42.1956186
          ],
          [
            -74.124551,
            42.195622
          ],
          [
            -74.1250935,
            42.1956434
          ],
          [
            -74.1255592,
            42.1956618
          ],
          [
            -74.1258785,
            42.1956744
          ],
          [
            -74.1264321,
            42.1956962
          ],
          [
            -74.127066,
            42.195731
          ],
          [
            -74.1271298,
            42.1957315
          ],
          [
            -74.1274252,
            42.1957339
          ],
          [
            -74.1276649,
            42.1957355
          ],
          [
            -74.1282005,
            42.195737
          ],
          [
            -74.128225,
            42.195737
          ],
          [
            -74.128675,
            42.195735
          ],
          [
            -74.1288692,
            42.1957344
          ],
          [
            -74.1297005,
            42.195732
          ],
          [
            -74.1303103,
            42.1957275
          ],
          [
            -74.1306215,
            42.1957252
          ],
          [
            -74.1311116,
            42.1957216
          ],
          [
            -74.13133,
            42.19572
          ],
          [
            -74.1318476,
            42.1957157
          ],
          [
            -74.1321653,
            42.195713
          ],
          [
            -74.1322182,
            42.1957126
          ],
          [
            -74.132494,
            42.1957103
          ],
          [
            -74.1325575,
            42.1957097
          ],
          [
            -74.1326942,
            42.1957086
          ],
          [
            -74.1333778,
            42.1957028
          ],
          [
            -74.133783,
            42.1956994
          ],
          [
            -74.1339193,
            42.195698
          ],
          [
            -74.1343351,
            42.195698
          ],
          [
            -74.1344756,
            42.195697
          ],
          [
            -74.134539,
            42.195697
          ],
          [
            -74.1351194,
            42.1956999
          ],
          [
            -74.1352491,
            42.1957005
          ],
          [
            -74.1358931,
            42.1957052
          ],
          [
            -74.1359693,
            42.1957057
          ],
          [
            -74.1360284,
            42.1957072
          ],
          [
            -74.1360728,
            42.1957084
          ],
          [
            -74.1361371,
            42.1957066
          ],
          [
            -74.1365015,
            42.1956965
          ],
          [
            -74.136782,
            42.195673
          ],
          [
            -74.1369918,
            42.1956393
          ],
          [
            -74.137037,
            42.195632
          ],
          [
            -74.1371859,
            42.1956132
          ],
          [
            -74.1373078,
            42.1955977
          ],
          [
            -74.1373975,
            42.1955864
          ],
          [
            -74.137424,
            42.195583
          ],
          [
            -74.137535,
            42.195566
          ],
          [
            -74.1376102,
            42.1955569
          ],
          [
            -74.138235,
            42.195481
          ],
          [
            -74.13828,
            42.1954761
          ],
          [
            -74.138428,
            42.19546
          ],
          [
            -74.138876,
            42.195426
          ],
          [
            -74.1390518,
            42.1954128
          ],
          [
            -74.139103,
            42.195409
          ],
          [
            -74.1398356,
            42.1953789
          ],
          [
            -74.1403114,
            42.1953563
          ],
          [
            -74.1403492,
            42.1953551
          ],
          [
            -74.1406708,
            42.1953455
          ],
          [
            -74.141189,
            42.19533
          ],
          [
            -74.141201,
            42.19533
          ],
          [
            -74.1412323,
            42.1953297
          ],
          [
            -74.1415092,
            42.1953213
          ],
          [
            -74.1417807,
            42.1953249
          ],
          [
            -74.142289,
            42.1953386
          ],
          [
            -74.142571,
            42.1953572
          ],
          [
            -74.142965,
            42.195395
          ],
          [
            -74.143329,
            42.195452
          ],
          [
            -74.14346,
            42.195472
          ],
          [
            -74.1439684,
            42.1955811
          ],
          [
            -74.1441498,
            42.19562
          ],
          [
            -74.144389,
            42.1956713
          ],
          [
            -74.144587,
            42.1957138
          ],
          [
            -74.144616,
            42.19572
          ],
          [
            -74.1448027,
            42.1957585
          ],
          [
            -74.1451594,
            42.195832
          ],
          [
            -74.1453303,
            42.1958672
          ],
          [
            -74.145412,
            42.195884
          ],
          [
            -74.145643,
            42.195929
          ],
          [
            -74.145817,
            42.195952
          ],
          [
            -74.146231,
            42.195999
          ],
          [
            -74.146463,
            42.196019
          ],
          [
            -74.146867,
            42.196035
          ],
          [
            -74.147181,
            42.196027
          ],
          [
            -74.1472948,
            42.1960171
          ],
          [
            -74.1476011,
            42.1959875
          ],
          [
            -74.147777,
            42.195971
          ],
          [
            -74.147993,
            42.195939
          ],
          [
            -74.1481284,
            42.1959146
          ],
          [
            -74.1486429,
            42.1958221
          ],
          [
            -74.14946,
            42.1956597
          ],
          [
            -74.1495282,
            42.1956463
          ],
          [
            -74.1503546,
            42.195484
          ],
          [
            -74.1505699,
            42.1954387
          ],
          [
            -74.1508085,
            42.1953845
          ],
          [
            -74.1513412,
            42.1952505
          ],
          [
            -74.1517514,
            42.1951396
          ],
          [
            -74.1520319,
            42.1950587
          ],
          [
            -74.1523281,
            42.1949709
          ],
          [
            -74.152873,
            42.194814
          ],
          [
            -74.153218,
            42.194701
          ],
          [
            -74.153438,
            42.194629
          ],
          [
            -74.153542,
            42.1945969
          ],
          [
            -74.1535578,
            42.194592
          ],
          [
            -74.15362,
            42.194572
          ],
          [
            -74.1541,
            42.194423
          ],
          [
            -74.154642,
            42.194239
          ],
          [
            -74.1551159,
            42.194085
          ],
          [
            -74.1551973,
            42.1940585
          ],
          [
            -74.1558054,
            42.1938388
          ],
          [
            -74.1561424,
            42.1937158
          ],
          [
            -74.1566881,
            42.1935193
          ],
          [
            -74.158477,
            42.1928802
          ],
          [
            -74.1587363,
            42.192797
          ],
          [
            -74.1596297,
            42.1925552
          ],
          [
            -74.1599085,
            42.1924931
          ],
          [
            -74.1601933,
            42.1924354
          ],
          [
            -74.1606414,
            42.1923542
          ],
          [
            -74.1608423,
            42.1923263
          ],
          [
            -74.1619943,
            42.1921995
          ],
          [
            -74.1620923,
            42.1921892
          ],
          [
            -74.163307,
            42.192061
          ],
          [
            -74.1650194,
            42.1918788
          ],
          [
            -74.1656871,
            42.1918075
          ],
          [
            -74.1659795,
            42.1917756
          ],
          [
            -74.1663378,
            42.1917379
          ],
          [
            -74.1666693,
            42.1917059
          ],
          [
            -74.1675399,
            42.1916351
          ],
          [
            -74.1678975,
            42.1916147
          ],
          [
            -74.1683381,
            42.1916116
          ],
          [
            -74.1686797,
            42.1916143
          ],
          [
            -74.1693997,
            42.1916343
          ],
          [
            -74.1702771,
            42.1916719
          ],
          [
            -74.1710764,
            42.1916987
          ],
          [
            -74.1714571,
            42.1917223
          ],
          [
            -74.1718708,
            42.1917638
          ],
          [
            -74.1721854,
            42.1918015
          ],
          [
            -74.1726264,
            42.1918703
          ],
          [
            -74.1730061,
            42.1919465
          ],
          [
            -74.1738837,
            42.1921345
          ],
          [
            -74.1742271,
            42.1922029
          ],
          [
            -74.174779,
            42.192316
          ],
          [
            -74.1756207,
            42.1925128
          ],
          [
            -74.1762086,
            42.19265
          ],
          [
            -74.1764503,
            42.1927206
          ],
          [
            -74.1766587,
            42.1927829
          ],
          [
            -74.1770137,
            42.1929022
          ],
          [
            -74.177446,
            42.193068
          ],
          [
            -74.17772,
            42.193198
          ],
          [
            -74.178528,
            42.193609
          ],
          [
            -74.178785,
            42.193754
          ],
          [
            -74.179132,
            42.193992
          ],
          [
            -74.179486,
            42.194255
          ],
          [
            -74.1797223,
            42.194452
          ],
          [
            -74.1798207,
            42.1945506
          ],
          [
            -74.1799547,
            42.1946786
          ],
          [
            -74.180114,
            42.194829
          ],
          [
            -74.180302,
            42.195013
          ],
          [
            -74.18119,
            42.195925
          ],
          [
            -74.181646,
            42.196372
          ],
          [
            -74.181709,
            42.196428
          ],
          [
            -74.181909,
            42.196604
          ],
          [
            -74.182258,
            42.19688
          ],
          [
            -74.182473,
            42.197043
          ],
          [
            -74.182983,
            42.197388
          ],
          [
            -74.183477,
            42.19768
          ],
          [
            -74.183992,
            42.197954
          ],
          [
            -74.184163,
            42.19804
          ],
          [
            -74.184532,
            42.198209
          ],
          [
            -74.184823,
            42.19833
          ],
          [
            -74.185126,
            42.198447
          ],
          [
            -74.186158,
            42.198828
          ],
          [
            -74.188053,
            42.199515
          ],
          [
            -74.188651,
            42.199718
          ],
          [
            -74.1890561,
            42.1998661
          ],
          [
            -74.1892428,
            42.1999176
          ],
          [
            -74.189415,
            42.199963
          ],
          [
            -74.189906,
            42.200103
          ],
          [
            -74.1900781,
            42.200152
          ],
          [
            -74.1901891,
            42.2001836
          ],
          [
            -74.190292,
            42.200213
          ],
          [
            -74.19064,
            42.200295
          ],
          [
            -74.1907777,
            42.2003263
          ],
          [
            -74.1914495,
            42.2004708
          ],
          [
            -74.192029,
            42.2006063
          ],
          [
            -74.1921509,
            42.2006308
          ],
          [
            -74.1924941,
            42.2007067
          ],
          [
            -74.1929102,
            42.2007954
          ],
          [
            -74.1931908,
            42.2008591
          ],
          [
            -74.1934033,
            42.2009074
          ],
          [
            -74.1936992,
            42.2009734
          ],
          [
            -74.1938722,
            42.2010246
          ],
          [
            -74.1940437,
            42.2010753
          ],
          [
            -74.1944039,
            42.2011985
          ],
          [
            -74.1946514,
            42.2012855
          ],
          [
            -74.194899,
            42.201393
          ],
          [
            -74.195042,
            42.201451
          ],
          [
            -74.1954265,
            42.2016185
          ],
          [
            -74.1957126,
            42.201754
          ],
          [
            -74.1961084,
            42.2019386
          ],
          [
            -74.196355,
            42.2020561
          ],
          [
            -74.196539,
            42.202152
          ],
          [
            -74.1972059,
            42.2024723
          ],
          [
            -74.1977368,
            42.2027274
          ],
          [
            -74.1980023,
            42.2028555
          ],
          [
            -74.1983891,
            42.2030423
          ],
          [
            -74.198672,
            42.2031789
          ],
          [
            -74.1992762,
            42.2034705
          ],
          [
            -74.199302,
            42.203483
          ],
          [
            -74.1997155,
            42.203699
          ],
          [
            -74.200791,
            42.204261
          ],
          [
            -74.20127,
            42.204511
          ],
          [
            -74.2013526,
            42.204555
          ],
          [
            -74.2017101,
            42.2047456
          ],
          [
            -74.2019775,
            42.2048881
          ],
          [
            -74.2026541,
            42.2052471
          ],
          [
            -74.2027363,
            42.2052908
          ],
          [
            -74.2029077,
            42.2053825
          ],
          [
            -74.2031797,
            42.2055279
          ],
          [
            -74.2043719,
            42.2061656
          ],
          [
            -74.2048498,
            42.2064212
          ],
          [
            -74.2051559,
            42.2065849
          ],
          [
            -74.2055246,
            42.2067821
          ],
          [
            -74.2057089,
            42.2068807
          ],
          [
            -74.2062343,
            42.2071617
          ],
          [
            -74.2064538,
            42.2072791
          ],
          [
            -74.2066094,
            42.2073585
          ],
          [
            -74.2068289,
            42.2074704
          ],
          [
            -74.2068639,
            42.2074882
          ],
          [
            -74.207121,
            42.207596
          ],
          [
            -74.2072117,
            42.2076312
          ],
          [
            -74.2073438,
            42.2076824
          ],
          [
            -74.2073774,
            42.2076933
          ],
          [
            -74.2074887,
            42.2077294
          ],
          [
            -74.2076293,
            42.207775
          ],
          [
            -74.2077715,
            42.2078141
          ],
          [
            -74.207784,
            42.2078176
          ],
          [
            -74.208214,
            42.207939
          ],
          [
            -74.2086102,
            42.2080464
          ],
          [
            -74.209973,
            42.208416
          ],
          [
            -74.2109107,
            42.2086621
          ],
          [
            -74.2112407,
            42.2087656
          ],
          [
            -74.211325,
            42.208792
          ],
          [
            -74.2116308,
            42.2088955
          ],
          [
            -74.211653,
            42.208903
          ],
          [
            -74.211971,
            42.20901
          ],
          [
            -74.2120526,
            42.2090424
          ],
          [
            -74.2124738,
            42.2092094
          ],
          [
            -74.212871,
            42.209367
          ],
          [
            -74.2131327,
            42.2094764
          ],
          [
            -74.2132023,
            42.2095055
          ],
          [
            -74.213304,
            42.209548
          ],
          [
            -74.213542,
            42.209692
          ],
          [
            -74.2137138,
            42.2098034
          ],
          [
            -74.2138224,
            42.2098739
          ],
          [
            -74.213892,
            42.209919
          ],
          [
            -74.2141003,
            42.2100677
          ],
          [
            -74.2142445,
            42.2101707
          ],
          [
            -74.2145981,
            42.2104232
          ],
          [
            -74.2146774,
            42.2104798
          ],
          [
            -74.2147051,
            42.2104995
          ],
          [
            -74.2148241,
            42.2105845
          ],
          [
            -74.2148703,
            42.2106175
          ],
          [
            -74.2149542,
            42.2106774
          ],
          [
            -74.215095,
            42.210778
          ],
          [
            -74.21527,
            42.210903
          ],
          [
            -74.215769,
            42.211262
          ],
          [
            -74.2158716,
            42.2113332
          ],
          [
            -74.2160038,
            42.211425
          ],
          [
            -74.2162497,
            42.2115957
          ],
          [
            -74.216642,
            42.211868
          ],
          [
            -74.2167086,
            42.2119146
          ],
          [
            -74.2168776,
            42.212033
          ],
          [
            -74.2168928,
            42.2120436
          ],
          [
            -74.217339,
            42.212356
          ],
          [
            -74.2174203,
            42.2124133
          ],
          [
            -74.217572,
            42.2125202
          ],
          [
            -74.2177308,
            42.2126322
          ],
          [
            -74.218126,
            42.2129109
          ],
          [
            -74.2185899,
            42.213238
          ],
          [
            -74.2189126,
            42.2134636
          ],
          [
            -74.2189912,
            42.2135185
          ],
          [
            -74.2190943,
            42.2135906
          ],
          [
            -74.2193,
            42.213745
          ],
          [
            -74.22059,
            42.214638
          ],
          [
            -74.2210518,
            42.2149192
          ],
          [
            -74.2214366,
            42.215113
          ],
          [
            -74.221755,
            42.215249
          ],
          [
            -74.221912,
            42.215313
          ],
          [
            -74.223199,
            42.215773
          ],
          [
            -74.2251,
            42.216396
          ],
          [
            -74.225307,
            42.216447
          ],
          [
            -74.225602,
            42.216492
          ],
          [
            -74.225808,
            42.216513
          ],
          [
            -74.226089,
            42.216517
          ],
          [
            -74.226577,
            42.216498
          ],
          [
            -74.226871,
            42.216486
          ],
          [
            -74.227655,
            42.216441
          ],
          [
            -74.227699,
            42.21644
          ],
          [
            -74.2284342,
            42.2164161
          ],
          [
            -74.228775,
            42.216405
          ],
          [
            -74.229278,
            42.2163861
          ],
          [
            -74.229921,
            42.216362
          ],
          [
            -74.231036,
            42.216301
          ],
          [
            -74.231501,
            42.2162703
          ],
          [
            -74.2316241,
            42.2162622
          ],
          [
            -74.23184,
            42.216248
          ],
          [
            -74.2319633,
            42.2162388
          ],
          [
            -74.232525,
            42.216197
          ],
          [
            -74.2329725,
            42.2161573
          ],
          [
            -74.233291,
            42.216129
          ],
          [
            -74.2341135,
            42.2160443
          ],
          [
            -74.235592,
            42.215892
          ],
          [
            -74.236245,
            42.215831
          ],
          [
            -74.236414,
            42.215821
          ],
          [
            -74.236798,
            42.215814
          ],
          [
            -74.237088,
            42.215818
          ],
          [
            -74.237436,
            42.215839
          ],
          [
            -74.237655,
            42.215859
          ],
          [
            -74.237927,
            42.215896
          ],
          [
            -74.238354,
            42.215962
          ],
          [
            -74.238814,
            42.216062
          ],
          [
            -74.23924,
            42.21617
          ],
          [
            -74.239578,
            42.216247
          ],
          [
            -74.239641,
            42.216265
          ],
          [
            -74.2397633,
            42.2162926
          ],
          [
            -74.24077,
            42.21652
          ],
          [
            -74.241941,
            42.216796
          ],
          [
            -74.242139,
            42.216836
          ],
          [
            -74.2429079,
            42.2170124
          ],
          [
            -74.243501,
            42.217143
          ],
          [
            -74.244002,
            42.217273
          ],
          [
            -74.244299,
            42.21735
          ],
          [
            -74.24457,
            42.217431
          ],
          [
            -74.244716,
            42.21748
          ],
          [
            -74.244954,
            42.217573
          ],
          [
            -74.245284,
            42.217721
          ],
          [
            -74.245572,
            42.217866
          ],
          [
            -74.245792,
            42.218002
          ],
          [
            -74.246168,
            42.218262
          ],
          [
            -74.248707,
            42.22011
          ],
          [
            -74.249299,
            42.220569
          ],
          [
            -74.249687,
            42.220836
          ],
          [
            -74.2501928,
            42.2211991
          ],
          [
            -74.2514959,
            42.2221343
          ],
          [
            -74.251763,
            42.222326
          ],
          [
            -74.251947,
            42.222462
          ],
          [
            -74.252143,
            42.222606
          ],
          [
            -74.252238,
            42.222676
          ],
          [
            -74.252642,
            42.222937
          ],
          [
            -74.252988,
            42.223135
          ],
          [
            -74.253326,
            42.22329
          ],
          [
            -74.253764,
            42.223463
          ],
          [
            -74.253954,
            42.223525
          ],
          [
            -74.254282,
            42.223618
          ],
          [
            -74.254668,
            42.223705
          ],
          [
            -74.254868,
            42.223742
          ],
          [
            -74.255161,
            42.223779
          ],
          [
            -74.255465,
            42.2238
          ],
          [
            -74.255695,
            42.22381
          ],
          [
            -74.2564112,
            42.2238059
          ],
          [
            -74.256935,
            42.2238029
          ],
          [
            -74.258096,
            42.223763
          ],
          [
            -74.258957,
            42.223763
          ],
          [
            -74.2591954,
            42.2237665
          ],
          [
            -74.259781,
            42.223775
          ],
          [
            -74.2598267,
            42.2237773
          ],
          [
            -74.260364,
            42.223804
          ],
          [
            -74.2603964,
            42.2238065
          ],
          [
            -74.261345,
            42.22388
          ],
          [
            -74.262306,
            42.22398
          ],
          [
            -74.262329,
            42.223982
          ],
          [
            -74.2629069,
            42.2240665
          ],
          [
            -74.263602,
            42.224183
          ],
          [
            -74.263907,
            42.224239
          ],
          [
            -74.264324,
            42.224334
          ],
          [
            -74.264887,
            42.224505
          ],
          [
            -74.265359,
            42.224687
          ],
          [
            -74.265574,
            42.224776
          ],
          [
            -74.265626,
            42.224798
          ],
          [
            -74.2657824,
            42.2248699
          ],
          [
            -74.2668005,
            42.2253376
          ],
          [
            -74.266884,
            42.225376
          ],
          [
            -74.267338,
            42.225594
          ],
          [
            -74.267645,
            42.2257314
          ],
          [
            -74.26831,
            42.226047
          ],
          [
            -74.2691975,
            42.2264639
          ],
          [
            -74.2699209,
            42.2268038
          ],
          [
            -74.270429,
            42.227045
          ],
          [
            -74.271334,
            42.227457
          ],
          [
            -74.271796,
            42.227657
          ],
          [
            -74.272197,
            42.227793
          ],
          [
            -74.272466,
            42.227861
          ],
          [
            -74.272737,
            42.227923
          ],
          [
            -74.272942,
            42.227957
          ],
          [
            -74.273222,
            42.227985
          ],
          [
            -74.273585,
            42.228
          ],
          [
            -74.273873,
            42.228003
          ],
          [
            -74.277462,
            42.227881
          ],
          [
            -74.278241,
            42.227842
          ],
          [
            -74.278622,
            42.227825
          ],
          [
            -74.27882,
            42.227823
          ],
          [
            -74.279715,
            42.227828
          ],
          [
            -74.279905,
            42.227837
          ],
          [
            -74.280061,
            42.227846
          ],
          [
            -74.280088,
            42.227849
          ],
          [
            -74.281216,
            42.227955
          ],
          [
            -74.28165,
            42.228019
          ],
          [
            -74.282622,
            42.228193
          ],
          [
            -74.283293,
            42.228333
          ],
          [
            -74.28401,
            42.228471
          ],
          [
            -74.284227,
            42.22852
          ],
          [
            -74.284469,
            42.228575
          ],
          [
            -74.285004,
            42.228733
          ],
          [
            -74.285165,
            42.22879
          ],
          [
            -74.28552,
            42.228939
          ],
          [
            -74.285879,
            42.229122
          ],
          [
            -74.286324,
            42.229394
          ],
          [
            -74.287335,
            42.230052
          ],
          [
            -74.287619,
            42.23022
          ],
          [
            -74.287899,
            42.23036
          ],
          [
            -74.288494,
            42.230588
          ],
          [
            -74.288867,
            42.230706
          ],
          [
            -74.289251,
            42.230785
          ],
          [
            -74.289918,
            42.230894
          ],
          [
            -74.290155,
            42.230916
          ],
          [
            -74.290715,
            42.23093
          ],
          [
            -74.291278,
            42.230917
          ],
          [
            -74.292845,
            42.230826
          ],
          [
            -74.293433,
            42.230783
          ],
          [
            -74.29385,
            42.230786
          ],
          [
            -74.29471,
            42.23077
          ],
          [
            -74.2953344,
            42.2308205
          ],
          [
            -74.295896,
            42.230866
          ],
          [
            -74.296167,
            42.230883
          ],
          [
            -74.296873,
            42.231002
          ],
          [
            -74.297247,
            42.231077
          ],
          [
            -74.2973018,
            42.2310903
          ],
          [
            -74.297713,
            42.23119
          ],
          [
            -74.298307,
            42.231346
          ],
          [
            -74.2985794,
            42.2314331
          ],
          [
            -74.29877,
            42.231494
          ],
          [
            -74.299287,
            42.231685
          ],
          [
            -74.299786,
            42.231905
          ],
          [
            -74.300515,
            42.23227
          ],
          [
            -74.30089,
            42.232489
          ],
          [
            -74.301545,
            42.232899
          ],
          [
            -74.302351,
            42.233492
          ],
          [
            -74.302406,
            42.233539
          ],
          [
            -74.302541,
            42.233633
          ],
          [
            -74.303067,
            42.233951
          ],
          [
            -74.303367,
            42.234093
          ],
          [
            -74.304026,
            42.23436
          ],
          [
            -74.304309,
            42.234452
          ],
          [
            -74.304611,
            42.234527
          ],
          [
            -74.304834,
            42.234569
          ],
          [
            -74.305293,
            42.234627
          ],
          [
            -74.3057,
            42.23466
          ],
          [
            -74.306339,
            42.234676
          ],
          [
            -74.306742,
            42.23464
          ],
          [
            -74.307096,
            42.234598
          ],
          [
            -74.307398,
            42.234546
          ],
          [
            -74.307586,
            42.234524
          ],
          [
            -74.308842,
            42.234336
          ],
          [
            -74.3093122,
            42.2343032
          ],
          [
            -74.3098801,
            42.2343061
          ],
          [
            -74.31021,
            42.234331
          ],
          [
            -74.3105737,
            42.2343741
          ],
          [
            -74.3109491,
            42.2344339
          ],
          [
            -74.3111494,
            42.2344733
          ],
          [
            -74.3113955,
            42.2345377
          ],
          [
            -74.3116687,
            42.2346162
          ],
          [
            -74.311964,
            42.2347136
          ],
          [
            -74.312537,
            42.2349072
          ],
          [
            -74.3142099,
            42.2354905
          ],
          [
            -74.3150974,
            42.2357959
          ],
          [
            -74.31638,
            42.2362301
          ],
          [
            -74.3173748,
            42.2365832
          ],
          [
            -74.3180296,
            42.2368104
          ],
          [
            -74.3182469,
            42.2368854
          ],
          [
            -74.3184849,
            42.2369675
          ],
          [
            -74.3187219,
            42.2370577
          ],
          [
            -74.3189666,
            42.2371692
          ],
          [
            -74.319255,
            42.237319
          ],
          [
            -74.319505,
            42.2374671
          ],
          [
            -74.3197372,
            42.2376232
          ],
          [
            -74.3200528,
            42.237876
          ],
          [
            -74.3202639,
            42.2380693
          ],
          [
            -74.3204266,
            42.2382464
          ],
          [
            -74.3206237,
            42.2385092
          ],
          [
            -74.3207497,
            42.238704
          ],
          [
            -74.3208783,
            42.2389376
          ],
          [
            -74.3209997,
            42.2392136
          ],
          [
            -74.3211982,
            42.2397378
          ],
          [
            -74.3213215,
            42.2400592
          ],
          [
            -74.3214391,
            42.2403113
          ],
          [
            -74.3215363,
            42.2404936
          ],
          [
            -74.3216363,
            42.2406604
          ],
          [
            -74.3217641,
            42.2408438
          ],
          [
            -74.3219083,
            42.2410369
          ],
          [
            -74.3220545,
            42.2411977
          ],
          [
            -74.3222647,
            42.2414095
          ],
          [
            -74.3224543,
            42.2415783
          ],
          [
            -74.3226442,
            42.2417264
          ],
          [
            -74.3228683,
            42.2418816
          ],
          [
            -74.3230231,
            42.2419779
          ],
          [
            -74.3232447,
            42.2421087
          ],
          [
            -74.323521,
            42.2422487
          ],
          [
            -74.323785,
            42.242372
          ],
          [
            -74.3240545,
            42.2424761
          ],
          [
            -74.3243214,
            42.2425672
          ],
          [
            -74.3245629,
            42.2426395
          ],
          [
            -74.3249278,
            42.2427283
          ],
          [
            -74.3252382,
            42.2427862
          ],
          [
            -74.3256842,
            42.2428534
          ],
          [
            -74.3262595,
            42.2429238
          ],
          [
            -74.3270118,
            42.2429988
          ],
          [
            -74.3277724,
            42.243057
          ],
          [
            -74.3284639,
            42.2431099
          ],
          [
            -74.3306167,
            42.2432559
          ],
          [
            -74.3324707,
            42.2433866
          ],
          [
            -74.3327674,
            42.243406
          ],
          [
            -74.3330712,
            42.2434168
          ],
          [
            -74.3333371,
            42.2434189
          ],
          [
            -74.3335736,
            42.2434164
          ],
          [
            -74.3337703,
            42.2434074
          ],
          [
            -74.3340561,
            42.2433863
          ],
          [
            -74.33444,
            42.2433398
          ],
          [
            -74.3348438,
            42.2432725
          ],
          [
            -74.335248,
            42.2431845
          ],
          [
            -74.335575,
            42.2430899
          ],
          [
            -74.3358276,
            42.2430099
          ],
          [
            -74.3361025,
            42.2429104
          ],
          [
            -74.3363842,
            42.2427918
          ],
          [
            -74.3366145,
            42.2426849
          ],
          [
            -74.3369427,
            42.2425118
          ],
          [
            -74.3371734,
            42.2423744
          ],
          [
            -74.3374215,
            42.242211
          ],
          [
            -74.3377241,
            42.2419882
          ],
          [
            -74.3380041,
            42.2417625
          ],
          [
            -74.3383706,
            42.2414678
          ],
          [
            -74.3386383,
            42.2412553
          ],
          [
            -74.3396963,
            42.2404121
          ],
          [
            -74.3401298,
            42.2400717
          ],
          [
            -74.3403867,
            42.2398778
          ],
          [
            -74.3407354,
            42.2396345
          ],
          [
            -74.3410836,
            42.239408
          ],
          [
            -74.3414934,
            42.239173
          ],
          [
            -74.3418911,
            42.2389663
          ],
          [
            -74.3420968,
            42.2388671
          ],
          [
            -74.3423758,
            42.2387386
          ],
          [
            -74.3427841,
            42.2385657
          ],
          [
            -74.3429131,
            42.2385147
          ],
          [
            -74.3431189,
            42.2384372
          ],
          [
            -74.3433355,
            42.2383586
          ],
          [
            -74.3435431,
            42.2382891
          ],
          [
            -74.3438889,
            42.2381801
          ],
          [
            -74.344164,
            42.2381005
          ],
          [
            -74.3446487,
            42.2379774
          ],
          [
            -74.3448787,
            42.2379289
          ],
          [
            -74.3453676,
            42.2378325
          ],
          [
            -74.3459329,
            42.2377409
          ],
          [
            -74.3463731,
            42.2376908
          ],
          [
            -74.3467687,
            42.2376569
          ],
          [
            -74.3472327,
            42.2376359
          ],
          [
            -74.347674,
            42.237633
          ],
          [
            -74.3481669,
            42.2376503
          ],
          [
            -74.3519576,
            42.2379428
          ],
          [
            -74.3524019,
            42.2379761
          ],
          [
            -74.3559269,
            42.2382565
          ],
          [
            -74.3564221,
            42.2382958
          ],
          [
            -74.3566958,
            42.2383223
          ],
          [
            -74.3570085,
            42.2383636
          ],
          [
            -74.3573495,
            42.2384275
          ],
          [
            -74.357737,
            42.2385166
          ],
          [
            -74.3579503,
            42.2385799
          ],
          [
            -74.3580182,
            42.2386
          ],
          [
            -74.3583061,
            42.2386979
          ],
          [
            -74.358837,
            42.2389223
          ],
          [
            -74.3590761,
            42.2390453
          ],
          [
            -74.3592883,
            42.2391627
          ],
          [
            -74.3596078,
            42.2393697
          ],
          [
            -74.3602446,
            42.2398081
          ],
          [
            -74.3605463,
            42.2400133
          ],
          [
            -74.3621963,
            42.2411354
          ],
          [
            -74.3634316,
            42.2419791
          ],
          [
            -74.3643656,
            42.242619
          ],
          [
            -74.3648122,
            42.242899
          ],
          [
            -74.3651148,
            42.2430658
          ],
          [
            -74.3654289,
            42.2432115
          ],
          [
            -74.3657505,
            42.2433425
          ],
          [
            -74.3660317,
            42.2434356
          ],
          [
            -74.3663305,
            42.2435237
          ],
          [
            -74.366707,
            42.2436071
          ],
          [
            -74.3669741,
            42.2436555
          ],
          [
            -74.3671991,
            42.2436884
          ],
          [
            -74.3674944,
            42.2437181
          ],
          [
            -74.3678197,
            42.2437421
          ],
          [
            -74.3680909,
            42.2437558
          ],
          [
            -74.36879,
            42.2437854
          ],
          [
            -74.3691765,
            42.2438051
          ],
          [
            -74.3694627,
            42.24383
          ],
          [
            -74.3698248,
            42.243879
          ],
          [
            -74.3701355,
            42.2439339
          ],
          [
            -74.3704441,
            42.2440089
          ],
          [
            -74.3706134,
            42.2440617
          ],
          [
            -74.3709263,
            42.244185
          ],
          [
            -74.3710562,
            42.2442552
          ],
          [
            -74.3712804,
            42.2443763
          ],
          [
            -74.3716154,
            42.2445959
          ],
          [
            -74.3717967,
            42.2447496
          ],
          [
            -74.3719858,
            42.2449323
          ],
          [
            -74.3721235,
            42.2450912
          ],
          [
            -74.3722384,
            42.2452475
          ],
          [
            -74.372372,
            42.2454704
          ],
          [
            -74.3724675,
            42.2456729
          ],
          [
            -74.3725227,
            42.2458193
          ],
          [
            -74.3725692,
            42.2459975
          ],
          [
            -74.3725977,
            42.2461504
          ],
          [
            -74.3726179,
            42.2463139
          ],
          [
            -74.3726423,
            42.2466606
          ],
          [
            -74.3726832,
            42.2480933
          ],
          [
            -74.3726972,
            42.2484154
          ],
          [
            -74.37272,
            42.2487379
          ],
          [
            -74.3727487,
            42.2489496
          ],
          [
            -74.3727988,
            42.2491793
          ],
          [
            -74.3729027,
            42.2495077
          ],
          [
            -74.3729964,
            42.2497356
          ],
          [
            -74.3731268,
            42.2499807
          ],
          [
            -74.3732064,
            42.2501197
          ],
          [
            -74.3732978,
            42.2502509
          ],
          [
            -74.3734406,
            42.2504432
          ],
          [
            -74.3735354,
            42.2505607
          ],
          [
            -74.3736796,
            42.250716
          ],
          [
            -74.3738367,
            42.2508722
          ],
          [
            -74.3739843,
            42.2510075
          ],
          [
            -74.3741741,
            42.2511618
          ],
          [
            -74.37433,
            42.2512749
          ],
          [
            -74.3745728,
            42.2514409
          ],
          [
            -74.3749455,
            42.2516554
          ],
          [
            -74.375275,
            42.251815
          ],
          [
            -74.3771795,
            42.2526715
          ],
          [
            -74.3778549,
            42.2529733
          ],
          [
            -74.378723,
            42.2533598
          ],
          [
            -74.3791079,
            42.2535318
          ],
          [
            -74.3798192,
            42.2538509
          ],
          [
            -74.3802504,
            42.2540578
          ],
          [
            -74.3807826,
            42.2543316
          ],
          [
            -74.3811124,
            42.2545149
          ],
          [
            -74.3814875,
            42.2547397
          ],
          [
            -74.3817236,
            42.2548902
          ],
          [
            -74.382028,
            42.255095
          ],
          [
            -74.3831377,
            42.2558893
          ],
          [
            -74.3837941,
            42.2563658
          ],
          [
            -74.3839961,
            42.2565049
          ],
          [
            -74.3841667,
            42.2566127
          ],
          [
            -74.3843429,
            42.2567174
          ],
          [
            -74.3845654,
            42.2568377
          ],
          [
            -74.3848041,
            42.2569548
          ],
          [
            -74.3850419,
            42.2570542
          ],
          [
            -74.3853107,
            42.257155
          ],
          [
            -74.3855689,
            42.2572369
          ],
          [
            -74.3860298,
            42.2573568
          ],
          [
            -74.3865255,
            42.2574663
          ],
          [
            -74.3879792,
            42.2577595
          ],
          [
            -74.3902225,
            42.2582119
          ],
          [
            -74.3906762,
            42.2583066
          ],
          [
            -74.391126,
            42.2584144
          ],
          [
            -74.3914467,
            42.2585006
          ],
          [
            -74.3917807,
            42.2585968
          ],
          [
            -74.3920832,
            42.2586968
          ],
          [
            -74.3923096,
            42.2587765
          ],
          [
            -74.3927675,
            42.2589539
          ],
          [
            -74.3930626,
            42.2590799
          ],
          [
            -74.3933648,
            42.2592199
          ],
          [
            -74.3943018,
            42.2596646
          ],
          [
            -74.3955231,
            42.2602357
          ],
          [
            -74.3956776,
            42.2602969
          ],
          [
            -74.3958842,
            42.2603731
          ],
          [
            -74.3960992,
            42.2604443
          ],
          [
            -74.3963704,
            42.2605237
          ],
          [
            -74.3972388,
            42.2607778
          ],
          [
            -74.3974395,
            42.2608439
          ],
          [
            -74.3976492,
            42.2609191
          ],
          [
            -74.3978356,
            42.2609896
          ],
          [
            -74.3980152,
            42.2610695
          ],
          [
            -74.3981896,
            42.2611559
          ],
          [
            -74.3984254,
            42.2612858
          ],
          [
            -74.3985907,
            42.2613844
          ],
          [
            -74.398855,
            42.2615562
          ],
          [
            -74.3990861,
            42.2617321
          ],
          [
            -74.399483,
            42.2620976
          ],
          [
            -74.4000622,
            42.2627025
          ],
          [
            -74.4007617,
            42.2634488
          ],
          [
            -74.4011137,
            42.2638043
          ],
          [
            -74.4014103,
            42.2640826
          ],
          [
            -74.4016734,
            42.2643099
          ],
          [
            -74.4019805,
            42.2645613
          ],
          [
            -74.4022686,
            42.2647842
          ],
          [
            -74.4025278,
            42.2649719
          ],
          [
            -74.4028606,
            42.265201
          ],
          [
            -74.4030885,
            42.2653471
          ],
          [
            -74.4033286,
            42.2654987
          ],
          [
            -74.4037319,
            42.2657374
          ],
          [
            -74.4040787,
            42.2659247
          ],
          [
            -74.4044392,
            42.2661089
          ],
          [
            -74.4048113,
            42.2662882
          ],
          [
            -74.4051299,
            42.2664339
          ],
          [
            -74.4053897,
            42.2665403
          ],
          [
            -74.4060431,
            42.2667967
          ],
          [
            -74.4064455,
            42.2669525
          ],
          [
            -74.4066419,
            42.2670351
          ],
          [
            -74.4068277,
            42.2671194
          ],
          [
            -74.4069739,
            42.2671902
          ],
          [
            -74.4071575,
            42.2672878
          ],
          [
            -74.4074259,
            42.2674485
          ],
          [
            -74.4076077,
            42.2675753
          ],
          [
            -74.407775,
            42.267699
          ],
          [
            -74.4079616,
            42.2678521
          ],
          [
            -74.4081146,
            42.2679903
          ],
          [
            -74.4083094,
            42.2681869
          ],
          [
            -74.4084269,
            42.2683186
          ],
          [
            -74.408553,
            42.2684784
          ],
          [
            -74.408676,
            42.2686448
          ],
          [
            -74.4087885,
            42.2688175
          ],
          [
            -74.4089166,
            42.2690493
          ],
          [
            -74.4089872,
            42.2692054
          ],
          [
            -74.4090781,
            42.2694405
          ],
          [
            -74.4091236,
            42.2695755
          ],
          [
            -74.4091612,
            42.2697144
          ],
          [
            -74.4091947,
            42.2698633
          ],
          [
            -74.4092182,
            42.2700186
          ],
          [
            -74.409236,
            42.2701732
          ],
          [
            -74.4092426,
            42.2702983
          ],
          [
            -74.4092447,
            42.2705014
          ],
          [
            -74.4092353,
            42.2706542
          ],
          [
            -74.4092202,
            42.2707873
          ],
          [
            -74.4091957,
            42.2709556
          ],
          [
            -74.4091805,
            42.2710324
          ],
          [
            -74.40915,
            42.2711626
          ],
          [
            -74.4091166,
            42.2712841
          ],
          [
            -74.4090744,
            42.2714099
          ],
          [
            -74.4090323,
            42.2715222
          ],
          [
            -74.4089817,
            42.2716452
          ],
          [
            -74.4089174,
            42.2717774
          ],
          [
            -74.4088205,
            42.2719588
          ],
          [
            -74.4087374,
            42.2720936
          ],
          [
            -74.4086308,
            42.2722529
          ],
          [
            -74.4085007,
            42.2724254
          ],
          [
            -74.4083578,
            42.2725976
          ],
          [
            -74.408227,
            42.272738
          ],
          [
            -74.4078412,
            42.2731454
          ],
          [
            -74.4066024,
            42.2744241
          ],
          [
            -74.4060775,
            42.2749637
          ],
          [
            -74.405094,
            42.27598
          ],
          [
            -74.4045498,
            42.2765432
          ],
          [
            -74.403998,
            42.277104
          ],
          [
            -74.4027523,
            42.2784042
          ],
          [
            -74.4020671,
            42.2791125
          ],
          [
            -74.4007159,
            42.2805059
          ],
          [
            -74.4001324,
            42.2811105
          ],
          [
            -74.4000021,
            42.2812495
          ],
          [
            -74.3998808,
            42.2813864
          ],
          [
            -74.3997788,
            42.2815184
          ],
          [
            -74.3996964,
            42.2816383
          ],
          [
            -74.3995749,
            42.2818348
          ],
          [
            -74.3994699,
            42.2820707
          ],
          [
            -74.3993822,
            42.282333
          ],
          [
            -74.3993504,
            42.2825308
          ],
          [
            -74.3993384,
            42.2827145
          ],
          [
            -74.3993394,
            42.2828647
          ],
          [
            -74.3993458,
            42.2829807
          ],
          [
            -74.3993707,
            42.2831681
          ],
          [
            -74.3993985,
            42.2832964
          ],
          [
            -74.3994459,
            42.2834489
          ],
          [
            -74.3995299,
            42.283651
          ],
          [
            -74.399635,
            42.2838461
          ],
          [
            -74.3997163,
            42.2839759
          ],
          [
            -74.3998357,
            42.2841399
          ],
          [
            -74.3999387,
            42.284258
          ],
          [
            -74.4000841,
            42.2844044
          ],
          [
            -74.4002462,
            42.2845435
          ],
          [
            -74.4004267,
            42.2846841
          ],
          [
            -74.4005918,
            42.2847971
          ],
          [
            -74.4008114,
            42.2849349
          ],
          [
            -74.4012475,
            42.2851945
          ],
          [
            -74.4022536,
            42.2857746
          ],
          [
            -74.4035841,
            42.2865481
          ],
          [
            -74.4045099,
            42.2870865
          ],
          [
            -74.4054994,
            42.2876529
          ],
          [
            -74.406267,
            42.2880923
          ],
          [
            -74.406433,
            42.2881873
          ],
          [
            -74.4078472,
            42.289025
          ],
          [
            -74.4080132,
            42.2891229
          ],
          [
            -74.408398,
            42.289346
          ],
          [
            -74.4089599,
            42.2896699
          ],
          [
            -74.4092737,
            42.2898525
          ],
          [
            -74.4095538,
            42.2900246
          ],
          [
            -74.4097415,
            42.2901572
          ],
          [
            -74.4098854,
            42.2902636
          ],
          [
            -74.4101005,
            42.2904393
          ],
          [
            -74.410217,
            42.2905437
          ],
          [
            -74.4103741,
            42.2906988
          ],
          [
            -74.4104879,
            42.2908243
          ],
          [
            -74.4106277,
            42.2909903
          ],
          [
            -74.4107443,
            42.2911477
          ],
          [
            -74.4108902,
            42.2913655
          ],
          [
            -74.4109784,
            42.291521
          ],
          [
            -74.4110664,
            42.291694
          ],
          [
            -74.4111632,
            42.2919123
          ],
          [
            -74.411748,
            42.293409
          ],
          [
            -74.4118407,
            42.2936009
          ],
          [
            -74.4119829,
            42.2938499
          ],
          [
            -74.4120508,
            42.2939558
          ],
          [
            -74.4121672,
            42.2941182
          ],
          [
            -74.4123131,
            42.2943028
          ],
          [
            -74.412467,
            42.29447
          ],
          [
            -74.4126291,
            42.2946333
          ],
          [
            -74.4131063,
            42.2950244
          ],
          [
            -74.4132176,
            42.2951027
          ],
          [
            -74.4134715,
            42.2952685
          ],
          [
            -74.4139791,
            42.2955915
          ],
          [
            -74.4142743,
            42.2957897
          ],
          [
            -74.414558,
            42.2960046
          ],
          [
            -74.4147922,
            42.2962051
          ],
          [
            -74.4149762,
            42.2963835
          ],
          [
            -74.4151464,
            42.2965628
          ],
          [
            -74.4152789,
            42.2967138
          ],
          [
            -74.415366,
            42.296813
          ],
          [
            -74.4154631,
            42.2969381
          ],
          [
            -74.4155562,
            42.2970635
          ],
          [
            -74.4156166,
            42.2971533
          ],
          [
            -74.4156751,
            42.2972437
          ],
          [
            -74.4157376,
            42.2973463
          ],
          [
            -74.4158641,
            42.2975892
          ],
          [
            -74.4159746,
            42.2978315
          ],
          [
            -74.416035,
            42.297987
          ],
          [
            -74.4160897,
            42.2981524
          ],
          [
            -74.4161336,
            42.2982989
          ],
          [
            -74.4162204,
            42.2986374
          ],
          [
            -74.4163039,
            42.2990027
          ],
          [
            -74.4163456,
            42.2991918
          ],
          [
            -74.4166013,
            42.3003363
          ],
          [
            -74.4168835,
            42.3015827
          ],
          [
            -74.4169822,
            42.3020592
          ],
          [
            -74.4170156,
            42.3022205
          ],
          [
            -74.4171346,
            42.3028576
          ],
          [
            -74.4173306,
            42.3040799
          ],
          [
            -74.4174194,
            42.3046378
          ],
          [
            -74.4174342,
            42.3047305
          ],
          [
            -74.4174506,
            42.3048332
          ]
        ]
      }
    },
    {
      "type": "Feature",
      "properties": {
        "sweep_id": "r-003",
        "name": "Peekamoose Road (Ulster CR-42)",
        "match_method": "names.primary IN (Watson Hollow Road, Peekamoose Road, County Line-Sundown Road, Sundown Road) within corridor bbox; no CR-42 ref exists in Overture here",
        "candidate_segments": 32,
        "used_segments": 20,
        "traced_length_mi": 16.43,
        "seed_length_mi": 18,
        "length_delta_pct": -8.7,
        "length_flag": false,
        "anchor_a": {
          "label": "NY-28A at West Shokan",
          "method": "exact shared endpoint"
        },
        "anchor_b": {
          "label": "NY-55A near Grahamsville",
          "method": "exact shared endpoint"
        },
        "source": "Overture Maps transportation/segment release 2026-06-17.0",
        "overture_segment_ids": [
          "5939a2b0-371a-465d-aa8b-b622d45a6e5b",
          "1c635747-d77d-4a45-b23e-38b44ffb7646",
          "d1d1e0d7-b3e1-4742-90ee-c01ea86a6936",
          "9bee32d2-bff1-402a-b401-7040fcd0a53c",
          "fb0ba562-054c-4cfe-bc7f-5718db431aa2",
          "83a59cb2-64d9-436f-9b27-06b95128e09a",
          "15340988-2e74-4ac5-a97f-fe8f7b17d52d",
          "5ecb8ad3-1042-4458-ae38-2aa0b48e62f3",
          "e4582f32-50c8-4083-bd84-8a38ba2e2c02",
          "f3b1f91a-758e-4025-9a38-d780535870fa",
          "1599d739-bb3c-4c81-ab47-83b39197eb02",
          "f1eddea5-c344-45ba-a041-602486ea5bcb",
          "51443946-dcaf-4afd-bee3-cea0388d5685",
          "41450e74-b939-4752-9546-ae7d47ab3462",
          "57ba4e70-e353-49f5-b930-5bf1b03e0dd1",
          "fb08ba91-9e4b-4beb-a67e-b921076f7e80",
          "0b6ecd52-cf3b-4bc5-8ce0-47dabac9bc6d",
          "9e65e02f-ae4b-4fb7-b6a9-66246a9ab8b1",
          "32263dba-22cf-4efb-9682-72e6877ad5e8",
          "36016637-6f7d-458f-9d56-598802771d5a"
        ]
      },
      "geometry": {
        "type": "LineString",
        "coordinates": [
          [
            -74.276893,
            41.969023
          ],
          [
            -74.276992,
            41.969107
          ],
          [
            -74.277083,
            41.969153
          ],
          [
            -74.27719,
            41.969177
          ],
          [
            -74.277403,
            41.96918
          ],
          [
            -74.278006,
            41.969109
          ],
          [
            -74.279059,
            41.969004
          ],
          [
            -74.279665,
            41.96891
          ],
          [
            -74.280007,
            41.968818
          ],
          [
            -74.2803904,
            41.9686863
          ],
          [
            -74.281583,
            41.968276
          ],
          [
            -74.282654,
            41.9678956
          ],
          [
            -74.282847,
            41.967827
          ],
          [
            -74.283395,
            41.967649
          ],
          [
            -74.284175,
            41.967369
          ],
          [
            -74.284488,
            41.967235
          ],
          [
            -74.284918,
            41.967074
          ],
          [
            -74.2852633,
            41.9669742
          ],
          [
            -74.2855449,
            41.9669153
          ],
          [
            -74.2857873,
            41.9668792
          ],
          [
            -74.286055,
            41.9668461
          ],
          [
            -74.2862956,
            41.96683
          ],
          [
            -74.2864069,
            41.9668345
          ],
          [
            -74.2865141,
            41.9668515
          ],
          [
            -74.2865539,
            41.966861
          ],
          [
            -74.286648,
            41.9668884
          ],
          [
            -74.2867298,
            41.9669245
          ],
          [
            -74.2868002,
            41.9669644
          ],
          [
            -74.2872786,
            41.9672676
          ],
          [
            -74.2873474,
            41.96731
          ],
          [
            -74.287624,
            41.967453
          ],
          [
            -74.287714,
            41.967495
          ],
          [
            -74.287782,
            41.967526
          ],
          [
            -74.2879558,
            41.9675916
          ],
          [
            -74.2881359,
            41.9676522
          ],
          [
            -74.2883349,
            41.9677006
          ],
          [
            -74.2885981,
            41.9677531
          ],
          [
            -74.2887957,
            41.9677838
          ],
          [
            -74.289709,
            41.9679035
          ],
          [
            -74.290115,
            41.967947
          ],
          [
            -74.290365,
            41.967955
          ],
          [
            -74.2905184,
            41.9679515
          ],
          [
            -74.290827,
            41.967905
          ],
          [
            -74.291169,
            41.967802
          ],
          [
            -74.29207,
            41.967448
          ],
          [
            -74.292425,
            41.967288
          ],
          [
            -74.292787,
            41.967114
          ],
          [
            -74.293317,
            41.966884
          ],
          [
            -74.293886,
            41.966635
          ],
          [
            -74.2946147,
            41.9663451
          ],
          [
            -74.2949775,
            41.9661993
          ],
          [
            -74.295088,
            41.966147
          ],
          [
            -74.295198,
            41.966094
          ],
          [
            -74.295611,
            41.965895
          ],
          [
            -74.295902,
            41.965772
          ],
          [
            -74.296156,
            41.965697
          ],
          [
            -74.296395,
            41.965662
          ],
          [
            -74.296858,
            41.965653
          ],
          [
            -74.297146,
            41.965667
          ],
          [
            -74.297358,
            41.965698
          ],
          [
            -74.297932,
            41.965841
          ],
          [
            -74.298509,
            41.965985
          ],
          [
            -74.298959,
            41.966093
          ],
          [
            -74.299216,
            41.96614
          ],
          [
            -74.300465,
            41.966342
          ],
          [
            -74.300496,
            41.966347
          ],
          [
            -74.302073,
            41.96661
          ],
          [
            -74.302523,
            41.966665
          ],
          [
            -74.302702,
            41.966659
          ],
          [
            -74.30286,
            41.966625
          ],
          [
            -74.302982,
            41.966577
          ],
          [
            -74.30314,
            41.966489
          ],
          [
            -74.303197,
            41.966438
          ],
          [
            -74.303283,
            41.966313
          ],
          [
            -74.303307,
            41.966241
          ],
          [
            -74.303407,
            41.965454
          ],
          [
            -74.303472,
            41.965153
          ],
          [
            -74.303557,
            41.964926
          ],
          [
            -74.303677,
            41.964694
          ],
          [
            -74.303769,
            41.964566
          ],
          [
            -74.303885,
            41.964454
          ],
          [
            -74.304961,
            41.963625
          ],
          [
            -74.305089,
            41.963534
          ],
          [
            -74.305194,
            41.96346
          ],
          [
            -74.30543,
            41.963278
          ],
          [
            -74.305632,
            41.963143
          ],
          [
            -74.3064164,
            41.9627254
          ],
          [
            -74.30662,
            41.962617
          ],
          [
            -74.306821,
            41.962483
          ],
          [
            -74.307042,
            41.962284
          ],
          [
            -74.307195,
            41.962095
          ],
          [
            -74.307251,
            41.962026
          ],
          [
            -74.307735,
            41.961323
          ],
          [
            -74.3079399,
            41.9610589
          ],
          [
            -74.3080767,
            41.9608826
          ],
          [
            -74.3082272,
            41.9606886
          ],
          [
            -74.308631,
            41.960168
          ],
          [
            -74.308934,
            41.959786
          ],
          [
            -74.310105,
            41.958472
          ],
          [
            -74.310224,
            41.958363
          ],
          [
            -74.310485,
            41.958123
          ],
          [
            -74.311044,
            41.957643
          ],
          [
            -74.311195,
            41.957526
          ],
          [
            -74.311697,
            41.957135
          ],
          [
            -74.311849,
            41.956988
          ],
          [
            -74.312024,
            41.956772
          ],
          [
            -74.312144,
            41.956579
          ],
          [
            -74.312194,
            41.956477
          ],
          [
            -74.312246,
            41.956357
          ],
          [
            -74.312355,
            41.95611
          ],
          [
            -74.312479,
            41.955794
          ],
          [
            -74.3125453,
            41.9556847
          ],
          [
            -74.312749,
            41.95534
          ],
          [
            -74.313023,
            41.954955
          ],
          [
            -74.3133302,
            41.9546469
          ],
          [
            -74.3134983,
            41.9545042
          ],
          [
            -74.313653,
            41.954389
          ],
          [
            -74.3138932,
            41.9542216
          ],
          [
            -74.3141563,
            41.9540367
          ],
          [
            -74.314318,
            41.953888
          ],
          [
            -74.3145101,
            41.9536768
          ],
          [
            -74.3147237,
            41.9534045
          ],
          [
            -74.314803,
            41.953277
          ],
          [
            -74.3151883,
            41.9526355
          ],
          [
            -74.315294,
            41.95247
          ],
          [
            -74.3153713,
            41.9523754
          ],
          [
            -74.315461,
            41.952284
          ],
          [
            -74.3156,
            41.952186
          ],
          [
            -74.3157354,
            41.952126
          ],
          [
            -74.31587,
            41.9520859
          ],
          [
            -74.3160279,
            41.9520561
          ],
          [
            -74.3161889,
            41.952048
          ],
          [
            -74.3164656,
            41.952055
          ],
          [
            -74.3166263,
            41.95205
          ],
          [
            -74.3167792,
            41.95203
          ],
          [
            -74.316957,
            41.951984
          ],
          [
            -74.317139,
            41.951913
          ],
          [
            -74.317224,
            41.951867
          ],
          [
            -74.31735,
            41.951792
          ],
          [
            -74.3174578,
            41.9517086
          ],
          [
            -74.3175481,
            41.9516289
          ],
          [
            -74.3176662,
            41.9515116
          ],
          [
            -74.3190072,
            41.9500847
          ],
          [
            -74.3191122,
            41.9499646
          ],
          [
            -74.3191593,
            41.9499031
          ],
          [
            -74.31922,
            41.9498131
          ],
          [
            -74.319287,
            41.9496786
          ],
          [
            -74.3193327,
            41.9495547
          ],
          [
            -74.3193955,
            41.9493687
          ],
          [
            -74.3194447,
            41.9491577
          ],
          [
            -74.3194688,
            41.9489552
          ],
          [
            -74.3194714,
            41.9487743
          ],
          [
            -74.3194624,
            41.9485335
          ],
          [
            -74.319476,
            41.948374
          ],
          [
            -74.319538,
            41.948192
          ],
          [
            -74.3196253,
            41.9480442
          ],
          [
            -74.3196982,
            41.9479352
          ],
          [
            -74.3198923,
            41.9477134
          ],
          [
            -74.320185,
            41.9474291
          ],
          [
            -74.3205089,
            41.9471281
          ],
          [
            -74.3206852,
            41.9469916
          ],
          [
            -74.3208509,
            41.9468853
          ],
          [
            -74.3209987,
            41.9468131
          ],
          [
            -74.321138,
            41.9467671
          ],
          [
            -74.3212908,
            41.9467385
          ],
          [
            -74.3215437,
            41.9467115
          ],
          [
            -74.321664,
            41.946685
          ],
          [
            -74.321773,
            41.9466401
          ],
          [
            -74.3218696,
            41.94658
          ],
          [
            -74.3219456,
            41.9464891
          ],
          [
            -74.3219975,
            41.9463881
          ],
          [
            -74.3220636,
            41.9461884
          ],
          [
            -74.322124,
            41.9459822
          ],
          [
            -74.3222023,
            41.9457582
          ],
          [
            -74.3222993,
            41.945576
          ],
          [
            -74.3224066,
            41.9454363
          ],
          [
            -74.322514,
            41.9453205
          ],
          [
            -74.3227507,
            41.9451083
          ],
          [
            -74.322961,
            41.944908
          ],
          [
            -74.323155,
            41.944687
          ],
          [
            -74.323336,
            41.944432
          ],
          [
            -74.323538,
            41.94416
          ],
          [
            -74.323652,
            41.944054
          ],
          [
            -74.32376,
            41.943981
          ],
          [
            -74.324089,
            41.943801
          ],
          [
            -74.324388,
            41.94361
          ],
          [
            -74.324554,
            41.943472
          ],
          [
            -74.325274,
            41.942731
          ],
          [
            -74.325428,
            41.942595
          ],
          [
            -74.325622,
            41.942404
          ],
          [
            -74.325877,
            41.9422
          ],
          [
            -74.326087,
            41.941965
          ],
          [
            -74.32615,
            41.941863
          ],
          [
            -74.326292,
            41.941545
          ],
          [
            -74.326428,
            41.941182
          ],
          [
            -74.326519,
            41.940843
          ],
          [
            -74.326684,
            41.939875
          ],
          [
            -74.326757,
            41.939201
          ],
          [
            -74.326773,
            41.938672
          ],
          [
            -74.326792,
            41.93836
          ],
          [
            -74.326816,
            41.938203
          ],
          [
            -74.326864,
            41.938013
          ],
          [
            -74.326914,
            41.937903
          ],
          [
            -74.32701,
            41.937791
          ],
          [
            -74.327314,
            41.937528
          ],
          [
            -74.327544,
            41.937312
          ],
          [
            -74.32761,
            41.937207
          ],
          [
            -74.327629,
            41.937145
          ],
          [
            -74.327636,
            41.936987
          ],
          [
            -74.327558,
            41.936292
          ],
          [
            -74.327578,
            41.936015
          ],
          [
            -74.327616,
            41.935922
          ],
          [
            -74.3276255,
            41.9359063
          ],
          [
            -74.327664,
            41.935849
          ],
          [
            -74.327772,
            41.935724
          ],
          [
            -74.327916,
            41.935592
          ],
          [
            -74.3281757,
            41.9353825
          ],
          [
            -74.328195,
            41.935367
          ],
          [
            -74.328347,
            41.935267
          ],
          [
            -74.328471,
            41.935205
          ],
          [
            -74.328515,
            41.935184
          ],
          [
            -74.328772,
            41.93506
          ],
          [
            -74.329373,
            41.934812
          ],
          [
            -74.329585,
            41.934685
          ],
          [
            -74.329681,
            41.934602
          ],
          [
            -74.329896,
            41.93437
          ],
          [
            -74.329963,
            41.934272
          ],
          [
            -74.330055,
            41.934091
          ],
          [
            -74.330241,
            41.93358
          ],
          [
            -74.330287,
            41.933492
          ],
          [
            -74.330364,
            41.933384
          ],
          [
            -74.330682,
            41.933073
          ],
          [
            -74.330781,
            41.933003
          ],
          [
            -74.330924,
            41.932938
          ],
          [
            -74.331075,
            41.932907
          ],
          [
            -74.331581,
            41.932878
          ],
          [
            -74.33218,
            41.932849
          ],
          [
            -74.33278,
            41.93278
          ],
          [
            -74.332971,
            41.932744
          ],
          [
            -74.333128,
            41.9327
          ],
          [
            -74.334837,
            41.932083
          ],
          [
            -74.335239,
            41.931916
          ],
          [
            -74.336104,
            41.931596
          ],
          [
            -74.336295,
            41.931557
          ],
          [
            -74.336503,
            41.93154
          ],
          [
            -74.336767,
            41.931561
          ],
          [
            -74.337106,
            41.931639
          ],
          [
            -74.337504,
            41.931769
          ],
          [
            -74.338046,
            41.931993
          ],
          [
            -74.338386,
            41.932112
          ],
          [
            -74.338709,
            41.932192
          ],
          [
            -74.339445,
            41.932324
          ],
          [
            -74.340176,
            41.932436
          ],
          [
            -74.340675,
            41.932529
          ],
          [
            -74.341995,
            41.932732
          ],
          [
            -74.342158,
            41.932747
          ],
          [
            -74.342274,
            41.932744
          ],
          [
            -74.342398,
            41.932724
          ],
          [
            -74.342483,
            41.932695
          ],
          [
            -74.342555,
            41.932652
          ],
          [
            -74.342622,
            41.932612
          ],
          [
            -74.342827,
            41.932428
          ],
          [
            -74.3430169,
            41.9322648
          ],
          [
            -74.343136,
            41.9321625
          ],
          [
            -74.343374,
            41.931958
          ],
          [
            -74.343953,
            41.931484
          ],
          [
            -74.345204,
            41.930549
          ],
          [
            -74.346566,
            41.929487
          ],
          [
            -74.347265,
            41.928942
          ],
          [
            -74.347532,
            41.928767
          ],
          [
            -74.348528,
            41.928173
          ],
          [
            -74.34857,
            41.928148
          ],
          [
            -74.348759,
            41.928033
          ],
          [
            -74.349023,
            41.927874
          ],
          [
            -74.350706,
            41.926721
          ],
          [
            -74.35091,
            41.926601
          ],
          [
            -74.351293,
            41.926393
          ],
          [
            -74.352764,
            41.925746
          ],
          [
            -74.353057,
            41.925639
          ],
          [
            -74.353192,
            41.925606
          ],
          [
            -74.353345,
            41.925581
          ],
          [
            -74.353528,
            41.925573
          ],
          [
            -74.354013,
            41.925584
          ],
          [
            -74.354563,
            41.925555
          ],
          [
            -74.355088,
            41.925482
          ],
          [
            -74.355413,
            41.92542
          ],
          [
            -74.356824,
            41.925118
          ],
          [
            -74.357629,
            41.924961
          ],
          [
            -74.358156,
            41.924919
          ],
          [
            -74.358545,
            41.924858
          ],
          [
            -74.358961,
            41.924751
          ],
          [
            -74.359379,
            41.924598
          ],
          [
            -74.359882,
            41.924393
          ],
          [
            -74.360744,
            41.924029
          ],
          [
            -74.361078,
            41.923934
          ],
          [
            -74.361862,
            41.92381
          ],
          [
            -74.362371,
            41.923743
          ],
          [
            -74.363047,
            41.923712
          ],
          [
            -74.363277,
            41.92369
          ],
          [
            -74.363479,
            41.923661
          ],
          [
            -74.364593,
            41.923424
          ],
          [
            -74.365005,
            41.923324
          ],
          [
            -74.3653,
            41.923267
          ],
          [
            -74.365476,
            41.923256
          ],
          [
            -74.365667,
            41.923257
          ],
          [
            -74.365873,
            41.923271
          ],
          [
            -74.36673,
            41.923409
          ],
          [
            -74.367648,
            41.923592
          ],
          [
            -74.368035,
            41.923701
          ],
          [
            -74.368531,
            41.923872
          ],
          [
            -74.370372,
            41.924615
          ],
          [
            -74.370633,
            41.924737
          ],
          [
            -74.370944,
            41.924899
          ],
          [
            -74.371081,
            41.924959
          ],
          [
            -74.371189,
            41.924987
          ],
          [
            -74.371339,
            41.924998
          ],
          [
            -74.371451,
            41.925012
          ],
          [
            -74.371604,
            41.925089
          ],
          [
            -74.371732,
            41.925176
          ],
          [
            -74.372264,
            41.925592
          ],
          [
            -74.372381,
            41.925664
          ],
          [
            -74.372545,
            41.925734
          ],
          [
            -74.372804,
            41.925828
          ],
          [
            -74.373198,
            41.925989
          ],
          [
            -74.373486,
            41.926127
          ],
          [
            -74.373738,
            41.926223
          ],
          [
            -74.374153,
            41.926349
          ],
          [
            -74.37438,
            41.926408
          ],
          [
            -74.375564,
            41.926761
          ],
          [
            -74.376012,
            41.92686
          ],
          [
            -74.3764888,
            41.92691
          ],
          [
            -74.3768317,
            41.926919
          ],
          [
            -74.3773447,
            41.926894
          ],
          [
            -74.3777592,
            41.9269229
          ],
          [
            -74.378063,
            41.9269559
          ],
          [
            -74.3784446,
            41.9270087
          ],
          [
            -74.3788093,
            41.9270349
          ],
          [
            -74.3792137,
            41.9270472
          ],
          [
            -74.3796668,
            41.9270783
          ],
          [
            -74.3798353,
            41.9270801
          ],
          [
            -74.3800357,
            41.9270777
          ],
          [
            -74.3802618,
            41.9270695
          ],
          [
            -74.3804798,
            41.927057
          ],
          [
            -74.3807469,
            41.927035
          ],
          [
            -74.3810362,
            41.9270384
          ],
          [
            -74.3813099,
            41.9270659
          ],
          [
            -74.3814974,
            41.9271061
          ],
          [
            -74.3818667,
            41.9271941
          ],
          [
            -74.3820986,
            41.927234
          ],
          [
            -74.3822109,
            41.927237
          ],
          [
            -74.3823096,
            41.9272245
          ],
          [
            -74.3824816,
            41.927178
          ],
          [
            -74.3828097,
            41.927055
          ],
          [
            -74.383278,
            41.926885
          ],
          [
            -74.3833865,
            41.926838
          ],
          [
            -74.3834709,
            41.9267867
          ],
          [
            -74.3836111,
            41.9267298
          ],
          [
            -74.3837888,
            41.9266999
          ],
          [
            -74.3841069,
            41.9266696
          ],
          [
            -74.3841424,
            41.9266663
          ],
          [
            -74.3843072,
            41.9266475
          ],
          [
            -74.3844192,
            41.9266246
          ],
          [
            -74.3845653,
            41.9265859
          ],
          [
            -74.3848376,
            41.9265079
          ],
          [
            -74.3851595,
            41.926432
          ],
          [
            -74.3854392,
            41.9263735
          ],
          [
            -74.3859373,
            41.9262844
          ],
          [
            -74.3864673,
            41.92618
          ],
          [
            -74.386966,
            41.92609
          ],
          [
            -74.387575,
            41.926006
          ],
          [
            -74.3881977,
            41.9259336
          ],
          [
            -74.38883,
            41.925864
          ],
          [
            -74.389471,
            41.925813
          ],
          [
            -74.3897745,
            41.925812
          ],
          [
            -74.3900236,
            41.925822
          ],
          [
            -74.3903808,
            41.925847
          ],
          [
            -74.3907653,
            41.9258862
          ],
          [
            -74.3909669,
            41.9259025
          ],
          [
            -74.3911615,
            41.925913
          ],
          [
            -74.3914184,
            41.9259172
          ],
          [
            -74.3917684,
            41.9259092
          ],
          [
            -74.3920166,
            41.925891
          ],
          [
            -74.3922284,
            41.9258723
          ],
          [
            -74.3924055,
            41.9258443
          ],
          [
            -74.3925756,
            41.9258
          ],
          [
            -74.3927369,
            41.9257449
          ],
          [
            -74.3928896,
            41.9256857
          ],
          [
            -74.3930858,
            41.925573
          ],
          [
            -74.3935964,
            41.9252309
          ],
          [
            -74.3938369,
            41.9250779
          ],
          [
            -74.3940094,
            41.9249912
          ],
          [
            -74.3941408,
            41.9249423
          ],
          [
            -74.3942744,
            41.924901
          ],
          [
            -74.394877,
            41.924752
          ],
          [
            -74.39536,
            41.924658
          ],
          [
            -74.395644,
            41.924611
          ],
          [
            -74.395845,
            41.924589
          ],
          [
            -74.396344,
            41.924564
          ],
          [
            -74.397256,
            41.924545
          ],
          [
            -74.397492,
            41.924531
          ],
          [
            -74.397657,
            41.924509
          ],
          [
            -74.397839,
            41.924465
          ],
          [
            -74.398543,
            41.924243
          ],
          [
            -74.399053,
            41.924103
          ],
          [
            -74.399917,
            41.923901
          ],
          [
            -74.400285,
            41.923828
          ],
          [
            -74.400778,
            41.923769
          ],
          [
            -74.401292,
            41.923686
          ],
          [
            -74.4016054,
            41.9236142
          ],
          [
            -74.4017918,
            41.9235553
          ],
          [
            -74.401963,
            41.923504
          ],
          [
            -74.4021819,
            41.9234529
          ],
          [
            -74.4024409,
            41.9234067
          ],
          [
            -74.402932,
            41.923332
          ],
          [
            -74.403078,
            41.923329
          ],
          [
            -74.404022,
            41.923409
          ],
          [
            -74.404151,
            41.923403
          ],
          [
            -74.404751,
            41.923343
          ],
          [
            -74.405215,
            41.92331
          ],
          [
            -74.4054039,
            41.9233165
          ],
          [
            -74.4056522,
            41.9233428
          ],
          [
            -74.405926,
            41.923387
          ],
          [
            -74.4064146,
            41.9234616
          ],
          [
            -74.4068719,
            41.923538
          ],
          [
            -74.4081232,
            41.923807
          ],
          [
            -74.408514,
            41.923875
          ],
          [
            -74.408744,
            41.923904
          ],
          [
            -74.409681,
            41.923992
          ],
          [
            -74.409853,
            41.923995
          ],
          [
            -74.410086,
            41.923984
          ],
          [
            -74.4102891,
            41.9239585
          ],
          [
            -74.4105097,
            41.923931
          ],
          [
            -74.410684,
            41.9239166
          ],
          [
            -74.4108812,
            41.9239091
          ],
          [
            -74.4111159,
            41.9239011
          ],
          [
            -74.4112356,
            41.9238925
          ],
          [
            -74.4113559,
            41.9238821
          ],
          [
            -74.4114941,
            41.9238677
          ],
          [
            -74.4116488,
            41.923843
          ],
          [
            -74.4120305,
            41.9237873
          ],
          [
            -74.412296,
            41.9237445
          ],
          [
            -74.4124985,
            41.923707
          ],
          [
            -74.4127111,
            41.923664
          ],
          [
            -74.412932,
            41.9236151
          ],
          [
            -74.4129676,
            41.9236072
          ],
          [
            -74.4133019,
            41.9235331
          ],
          [
            -74.4133811,
            41.9235135
          ],
          [
            -74.4138056,
            41.9233925
          ],
          [
            -74.4140648,
            41.9233055
          ],
          [
            -74.414359,
            41.923187
          ],
          [
            -74.4145652,
            41.9230919
          ],
          [
            -74.4147863,
            41.922976
          ],
          [
            -74.4149172,
            41.9228963
          ],
          [
            -74.4150287,
            41.922815
          ],
          [
            -74.415139,
            41.922735
          ],
          [
            -74.415212,
            41.922688
          ],
          [
            -74.415387,
            41.9226
          ],
          [
            -74.4155462,
            41.9225301
          ],
          [
            -74.415704,
            41.922473
          ],
          [
            -74.416073,
            41.922352
          ],
          [
            -74.4162282,
            41.9222981
          ],
          [
            -74.4163871,
            41.9222322
          ],
          [
            -74.4165073,
            41.9221765
          ],
          [
            -74.4166701,
            41.9220955
          ],
          [
            -74.4168236,
            41.9220035
          ],
          [
            -74.417487,
            41.92158
          ],
          [
            -74.4176618,
            41.9214743
          ],
          [
            -74.4179327,
            41.9212814
          ],
          [
            -74.4180695,
            41.9211999
          ],
          [
            -74.418329,
            41.921056
          ],
          [
            -74.418497,
            41.920943
          ],
          [
            -74.419288,
            41.920371
          ],
          [
            -74.4194302,
            41.9202699
          ],
          [
            -74.4196185,
            41.9201516
          ],
          [
            -74.4198406,
            41.920028
          ],
          [
            -74.4201083,
            41.9198989
          ],
          [
            -74.420375,
            41.91978
          ],
          [
            -74.420517,
            41.9197066
          ],
          [
            -74.4206387,
            41.919639
          ],
          [
            -74.421004,
            41.919423
          ],
          [
            -74.421272,
            41.919234
          ],
          [
            -74.4217052,
            41.9188915
          ],
          [
            -74.4218655,
            41.9187746
          ],
          [
            -74.4220251,
            41.9186408
          ],
          [
            -74.4222046,
            41.9184695
          ],
          [
            -74.4224046,
            41.9182806
          ],
          [
            -74.4227721,
            41.9179852
          ],
          [
            -74.4232513,
            41.917573
          ],
          [
            -74.4235537,
            41.917363
          ],
          [
            -74.424119,
            41.9170159
          ],
          [
            -74.4244941,
            41.9167952
          ],
          [
            -74.4248914,
            41.9165675
          ],
          [
            -74.4251861,
            41.9164105
          ],
          [
            -74.4254583,
            41.9162847
          ],
          [
            -74.4256092,
            41.9162079
          ],
          [
            -74.4256954,
            41.9161629
          ],
          [
            -74.426342,
            41.915758
          ],
          [
            -74.4264877,
            41.9156735
          ],
          [
            -74.4266687,
            41.9155895
          ],
          [
            -74.4270857,
            41.915434
          ],
          [
            -74.4272996,
            41.9153556
          ],
          [
            -74.4276177,
            41.9152073
          ],
          [
            -74.4278476,
            41.915112
          ],
          [
            -74.4281639,
            41.915019
          ],
          [
            -74.4282706,
            41.9150015
          ],
          [
            -74.4284094,
            41.9149854
          ],
          [
            -74.4286193,
            41.9149764
          ],
          [
            -74.4287609,
            41.9149742
          ],
          [
            -74.4289485,
            41.9149714
          ],
          [
            -74.4291244,
            41.9149657
          ],
          [
            -74.4292584,
            41.91496
          ],
          [
            -74.4297977,
            41.9149235
          ],
          [
            -74.4299106,
            41.9149225
          ],
          [
            -74.4300496,
            41.9149345
          ],
          [
            -74.4301829,
            41.9149575
          ],
          [
            -74.430545,
            41.915028
          ],
          [
            -74.431326,
            41.915165
          ],
          [
            -74.432051,
            41.915314
          ],
          [
            -74.432294,
            41.915399
          ],
          [
            -74.432772,
            41.915624
          ],
          [
            -74.433049,
            41.915735
          ],
          [
            -74.433277,
            41.9158127
          ],
          [
            -74.4335835,
            41.9158914
          ],
          [
            -74.4347432,
            41.9162271
          ],
          [
            -74.435032,
            41.916312
          ],
          [
            -74.4351522,
            41.916339
          ],
          [
            -74.4352477,
            41.9163476
          ],
          [
            -74.4353457,
            41.916348
          ],
          [
            -74.4354288,
            41.9163451
          ],
          [
            -74.4355153,
            41.9163335
          ],
          [
            -74.4358215,
            41.9162646
          ],
          [
            -74.435855,
            41.916263
          ],
          [
            -74.4358961,
            41.9162688
          ],
          [
            -74.4362014,
            41.9163653
          ],
          [
            -74.4363926,
            41.9164282
          ],
          [
            -74.4365697,
            41.916476
          ],
          [
            -74.4370039,
            41.9165811
          ],
          [
            -74.4374831,
            41.916706
          ],
          [
            -74.4376208,
            41.9167368
          ],
          [
            -74.4377277,
            41.9167561
          ],
          [
            -74.4377589,
            41.9167618
          ],
          [
            -74.4380121,
            41.9167819
          ],
          [
            -74.4396315,
            41.9168917
          ],
          [
            -74.4398483,
            41.916896
          ],
          [
            -74.4400966,
            41.916869
          ],
          [
            -74.440498,
            41.916751
          ],
          [
            -74.441173,
            41.916518
          ],
          [
            -74.441989,
            41.916212
          ],
          [
            -74.442255,
            41.916128
          ],
          [
            -74.443211,
            41.915913
          ],
          [
            -74.443422,
            41.915833
          ],
          [
            -74.443659,
            41.915698
          ],
          [
            -74.444173,
            41.91528
          ],
          [
            -74.44472,
            41.914879
          ],
          [
            -74.445012,
            41.9146865
          ],
          [
            -74.445436,
            41.9144395
          ],
          [
            -74.445876,
            41.914115
          ],
          [
            -74.446013,
            41.914041
          ],
          [
            -74.4462861,
            41.9139495
          ],
          [
            -74.447144,
            41.9137609
          ],
          [
            -74.4477059,
            41.9136122
          ],
          [
            -74.4481059,
            41.913456
          ],
          [
            -74.4486339,
            41.9131761
          ],
          [
            -74.4491396,
            41.9128629
          ],
          [
            -74.4494678,
            41.9126209
          ],
          [
            -74.449675,
            41.912383
          ],
          [
            -74.449817,
            41.912136
          ],
          [
            -74.45004,
            41.911822
          ],
          [
            -74.450565,
            41.91121
          ],
          [
            -74.4506708,
            41.9110939
          ],
          [
            -74.4507867,
            41.910998
          ],
          [
            -74.4518538,
            41.9105271
          ],
          [
            -74.4526157,
            41.9101291
          ],
          [
            -74.4534143,
            41.9096734
          ],
          [
            -74.453806,
            41.909451
          ],
          [
            -74.454123,
            41.909232
          ],
          [
            -74.454272,
            41.909105
          ],
          [
            -74.454535,
            41.908857
          ],
          [
            -74.455113,
            41.908228
          ],
          [
            -74.455603,
            41.907724
          ],
          [
            -74.455983,
            41.907465
          ],
          [
            -74.456971,
            41.906984
          ],
          [
            -74.457131,
            41.906861
          ],
          [
            -74.457259,
            41.906667
          ],
          [
            -74.457496,
            41.906023
          ],
          [
            -74.457583,
            41.905855
          ],
          [
            -74.457641,
            41.905797
          ],
          [
            -74.458309,
            41.905301
          ],
          [
            -74.458593,
            41.905017
          ],
          [
            -74.459322,
            41.903789
          ],
          [
            -74.460075,
            41.902842
          ],
          [
            -74.460269,
            41.902529
          ],
          [
            -74.460345,
            41.902336
          ],
          [
            -74.460677,
            41.901283
          ],
          [
            -74.460746,
            41.900944
          ],
          [
            -74.460783,
            41.900624
          ],
          [
            -74.460808,
            41.900088
          ],
          [
            -74.460852,
            41.899866
          ],
          [
            -74.460947,
            41.899669
          ],
          [
            -74.461125,
            41.899429
          ],
          [
            -74.461453,
            41.899094
          ],
          [
            -74.461731,
            41.898839
          ],
          [
            -74.461824,
            41.898773
          ],
          [
            -74.462193,
            41.898549
          ],
          [
            -74.463171,
            41.898172
          ],
          [
            -74.463589,
            41.897957
          ],
          [
            -74.463794,
            41.89783
          ],
          [
            -74.463976,
            41.897684
          ],
          [
            -74.464103,
            41.897555
          ],
          [
            -74.4642599,
            41.8973561
          ],
          [
            -74.464337,
            41.897123
          ],
          [
            -74.464356,
            41.896933
          ],
          [
            -74.464341,
            41.896835
          ],
          [
            -74.464116,
            41.896257
          ],
          [
            -74.464036,
            41.895237
          ],
          [
            -74.463875,
            41.89439
          ],
          [
            -74.463678,
            41.892759
          ],
          [
            -74.463653,
            41.892379
          ],
          [
            -74.463653,
            41.891974
          ],
          [
            -74.463678,
            41.891799
          ],
          [
            -74.463707,
            41.891723
          ],
          [
            -74.464554,
            41.890234
          ],
          [
            -74.464572,
            41.890041
          ],
          [
            -74.464529,
            41.889834
          ],
          [
            -74.464453,
            41.889662
          ],
          [
            -74.464217,
            41.889301
          ],
          [
            -74.464207,
            41.889255
          ],
          [
            -74.464208,
            41.889166
          ],
          [
            -74.46425,
            41.889021
          ],
          [
            -74.4643124,
            41.8888814
          ],
          [
            -74.4643532,
            41.8888039
          ],
          [
            -74.4644031,
            41.8887199
          ],
          [
            -74.4645003,
            41.8886024
          ],
          [
            -74.464652,
            41.888482
          ],
          [
            -74.4648041,
            41.8883807
          ],
          [
            -74.4649702,
            41.8882614
          ],
          [
            -74.4650502,
            41.888169
          ],
          [
            -74.4651602,
            41.8880809
          ],
          [
            -74.4653154,
            41.8880051
          ],
          [
            -74.4657217,
            41.8878458
          ],
          [
            -74.4657719,
            41.887826
          ],
          [
            -74.4659426,
            41.8877452
          ],
          [
            -74.465963,
            41.887674
          ],
          [
            -74.466018,
            41.887519
          ],
          [
            -74.466058,
            41.887431
          ],
          [
            -74.466122,
            41.887336
          ],
          [
            -74.466231,
            41.88721
          ],
          [
            -74.466399,
            41.887078
          ],
          [
            -74.466563,
            41.886974
          ],
          [
            -74.466759,
            41.886874
          ],
          [
            -74.467206,
            41.88671
          ],
          [
            -74.46772,
            41.886584
          ],
          [
            -74.468728,
            41.886414
          ],
          [
            -74.469337,
            41.886312
          ],
          [
            -74.469465,
            41.8862824
          ],
          [
            -74.469723,
            41.886217
          ],
          [
            -74.470205,
            41.88609
          ],
          [
            -74.470518,
            41.886017
          ],
          [
            -74.471038,
            41.8858785
          ],
          [
            -74.471055,
            41.885874
          ],
          [
            -74.471111,
            41.885859
          ],
          [
            -74.471205,
            41.885836
          ],
          [
            -74.471691,
            41.88574
          ],
          [
            -74.472249,
            41.885617
          ],
          [
            -74.473215,
            41.88534
          ],
          [
            -74.473321,
            41.885296
          ],
          [
            -74.473482,
            41.88521
          ],
          [
            -74.473653,
            41.885099
          ],
          [
            -74.473816,
            41.88497
          ],
          [
            -74.473986,
            41.884845
          ],
          [
            -74.474205,
            41.884696
          ],
          [
            -74.474393,
            41.884591
          ],
          [
            -74.474689,
            41.884428
          ],
          [
            -74.47493,
            41.884233
          ],
          [
            -74.475102,
            41.884033
          ],
          [
            -74.475181,
            41.883929
          ],
          [
            -74.475362,
            41.88361
          ],
          [
            -74.475479,
            41.883364
          ],
          [
            -74.475602,
            41.883046
          ],
          [
            -74.475688,
            41.882519
          ],
          [
            -74.475842,
            41.881923
          ],
          [
            -74.47594,
            41.881639
          ],
          [
            -74.476027,
            41.881439
          ],
          [
            -74.476152,
            41.881196
          ],
          [
            -74.4763817,
            41.88086
          ],
          [
            -74.476853,
            41.880207
          ],
          [
            -74.477145,
            41.87979
          ],
          [
            -74.47757,
            41.879213
          ],
          [
            -74.477822,
            41.878871
          ],
          [
            -74.478329,
            41.878147
          ],
          [
            -74.479031,
            41.877177
          ],
          [
            -74.479395,
            41.87673
          ],
          [
            -74.479856,
            41.87619
          ],
          [
            -74.480207,
            41.875779
          ],
          [
            -74.480359,
            41.87559
          ],
          [
            -74.480444,
            41.875451
          ],
          [
            -74.480494,
            41.8753
          ],
          [
            -74.480554,
            41.874815
          ],
          [
            -74.480613,
            41.874482
          ],
          [
            -74.480647,
            41.874406
          ],
          [
            -74.480697,
            41.87433
          ],
          [
            -74.480774,
            41.874255
          ],
          [
            -74.481958,
            41.873305
          ],
          [
            -74.482211,
            41.873053
          ],
          [
            -74.482457,
            41.872763
          ],
          [
            -74.482811,
            41.87226
          ],
          [
            -74.483107,
            41.871794
          ],
          [
            -74.483318,
            41.871372
          ],
          [
            -74.483454,
            41.871164
          ],
          [
            -74.483943,
            41.870586
          ],
          [
            -74.4842973,
            41.8702155
          ],
          [
            -74.484337,
            41.870174
          ],
          [
            -74.484511,
            41.869911
          ],
          [
            -74.484605,
            41.869733
          ],
          [
            -74.484891,
            41.869356
          ],
          [
            -74.485357,
            41.868513
          ],
          [
            -74.485517,
            41.868254
          ],
          [
            -74.485873,
            41.867769
          ],
          [
            -74.486109,
            41.867341
          ],
          [
            -74.486236,
            41.867184
          ],
          [
            -74.486524,
            41.866951
          ],
          [
            -74.487031,
            41.866497
          ],
          [
            -74.487285,
            41.86622
          ],
          [
            -74.487513,
            41.866019
          ],
          [
            -74.487615,
            41.865962
          ],
          [
            -74.487843,
            41.865855
          ],
          [
            -74.488167,
            41.865719
          ],
          [
            -74.48919,
            41.865316
          ],
          [
            -74.48967,
            41.865159
          ],
          [
            -74.490054,
            41.865076
          ],
          [
            -74.490323,
            41.865048
          ],
          [
            -74.490652,
            41.865052
          ],
          [
            -74.490996,
            41.86509
          ],
          [
            -74.492018,
            41.865325
          ],
          [
            -74.492303,
            41.865372
          ],
          [
            -74.49269,
            41.865422
          ],
          [
            -74.492996,
            41.865447
          ],
          [
            -74.493756,
            41.865479
          ],
          [
            -74.49609,
            41.865451
          ],
          [
            -74.497077,
            41.865429
          ],
          [
            -74.497995,
            41.865361
          ],
          [
            -74.498215,
            41.865365
          ],
          [
            -74.498892,
            41.865422
          ],
          [
            -74.499097,
            41.865439
          ],
          [
            -74.499506,
            41.865504
          ],
          [
            -74.499631,
            41.865534
          ],
          [
            -74.500001,
            41.865624
          ],
          [
            -74.50039,
            41.865708
          ],
          [
            -74.50077,
            41.865758
          ],
          [
            -74.500925,
            41.865766
          ],
          [
            -74.50101,
            41.865771
          ],
          [
            -74.501354,
            41.865764
          ],
          [
            -74.501712,
            41.865723
          ],
          [
            -74.502162,
            41.865627
          ],
          [
            -74.504044,
            41.865146
          ],
          [
            -74.504386,
            41.865041
          ],
          [
            -74.504547,
            41.864975
          ],
          [
            -74.504837,
            41.864833
          ],
          [
            -74.505428,
            41.864484
          ],
          [
            -74.5054949,
            41.8644441
          ],
          [
            -74.506485,
            41.863853
          ],
          [
            -74.506719,
            41.863712
          ],
          [
            -74.507187,
            41.863436
          ],
          [
            -74.507431,
            41.863281
          ],
          [
            -74.507653,
            41.863114
          ],
          [
            -74.507854,
            41.862927
          ],
          [
            -74.507984,
            41.862782
          ],
          [
            -74.509026,
            41.86148
          ],
          [
            -74.509211,
            41.86127
          ]
        ]
      }
    }
  ]
}